ElapsedTime,Unix,VBUS,IBUS,DP,DM,CC1,CC2,TEMP,CHARGE,ENERGY,PWR
0:00:00.000, 0.000,12.002517,0.616836,0.034,0.047,0.003,1.587,34.78125,3.4268667e-06,4.1131022e-05,7.4035846
0:00:00.020, 0.020,12.002478,0.652265,0.036,0.046,0.002,1.588,34.78125,7.0505611e-06,8.4624333e-05,7.8287963
0:00:00.040, 0.040,12.002459,0.652816,0.031,0.047,0.004,1.59,34.78125,1.0677317e-05,0.00012815432,7.8353973
0:00:00.060, 0.060,12.0024,0.663652,0.046,0.061,0.004,1.589,34.78125,1.4364272e-05,0.00017240663,7.9654168
0:00:00.080, 0.080,12.001658,0.636838,0.018,0.033,0.006,1.589,34.78125,1.7902261e-05,0.00021486836,7.6431119
0:00:00.100, 0.100,12.001541,0.646068,0.037,0.051,0.002,1.588,34.78125,2.1491528e-05,0.00025794508,7.7538116
0:00:00.120, 0.120,12.00156,0.654639,0.023,0.037,0.003,1.588,34.78125,2.5128411e-05,0.00030159336,7.8566892
0:00:00.140, 0.140,12.001892,0.689347,0.017,0.034,0.003,1.59,34.773438,2.8958117e-05,0.00034755707,8.2734682
0:00:00.160, 0.160,12.001755,0.657049,0.036,0.051,0.003,1.589,34.773438,3.2608389e-05,0.00039136674,7.8857411
0:00:00.180, 0.180,12.001599,0.636375,0.04,0.054,0.001,1.587,34.773438,3.6143806e-05,0.00043379739,7.6375176
0:00:00.200, 0.200,12.001697,0.689319,0.021,0.039,0.004,1.59,34.773438,3.9973356e-05,0.00047975848,8.2729978
0:00:00.220, 0.220,12.001716,0.658868,0.027,0.051,0.002,1.588,34.773438,4.3633733e-05,0.00052368929,7.9075466
0:00:00.240, 0.240,12.002107,0.671055,0.033,0.051,0.002,1.588,34.773438,4.7361817e-05,0.00056843414,8.0540739
0:00:00.260, 0.260,12.001521,0.643175,0.039,0.059,0.004,1.589,34.773438,5.0935011e-05,0.00061131791,7.7190783
0:00:00.280, 0.280,12.001345,0.664457,0.038,0.055,0.002,1.588,34.773438,5.4626439e-05,0.00065562001,7.9743777
0:00:00.300, 0.300,12.001345,0.677723,0.039,0.054,0.002,1.588,34.773438,5.8391567e-05,0.0007008066,8.1335875
0:00:00.320, 0.320,12.001326,0.659853,0.04,0.053,0.003,1.589,34.773438,6.2057417e-05,0.00074480166,7.919111
0:00:00.340, 0.340,12.001248,0.639787,0.011,0.034,0.003,1.589,34.773438,6.5611789e-05,0.00078745856,7.6782425
0:00:00.360, 0.360,12.00115,0.678708,0.016,0.032,0.005,1.589,34.765625,6.9382389e-05,0.00083271009,8.1452765
0:00:00.380, 0.380,12.001033,0.669225,0.017,0.034,0.002,1.588,34.765625,7.3100306e-05,0.00087732893,8.0313913
0:00:00.400, 0.400,12.000857,0.654007,0.037,0.053,0.003,1.586,34.765625,7.6733678e-05,0.00092093251,7.8486445
0:00:00.420, 0.420,12.000759,0.656027,0.028,0.058,0.005,1.589,34.765625,8.0378272e-05,0.0009646704,7.8728219
0:00:00.440, 0.440,12.001091,0.666054,0.046,0.062,0.004,1.591,34.765625,8.4078572e-05,0.001009078,7.9933747
0:00:00.460, 0.460,12.000759,0.636842,0.023,0.042,0.003,1.59,34.765625,8.7616583e-05,0.0010515369,7.6425874
0:00:00.480, 0.480,12.000505,0.633382,0.039,0.055,0.002,1.588,34.765625,9.1135372e-05,0.0010937641,7.6009039
0:00:00.500, 0.500,12.000701,0.691838,0.041,0.055,0.003,1.588,34.765625,9.4978917e-05,0.0011398893,8.302541
0:00:00.520, 0.520,12.001013,0.676326,0.036,0.054,0.003,1.587,34.765625,9.8736283e-05,0.0011849815,8.1165971
0:00:00.540, 0.540,12.001209,0.643308,0.025,0.043,0.004,1.591,34.765625,0.00010231022,0.001227873,7.7204738
0:00:00.560, 0.560,12.001463,0.655995,0.037,0.04,0.002,1.587,34.765625,0.00010595463,0.0012716114,7.8728997
0:00:00.580, 0.580,12.00117,0.635381,0.033,0.048,0.004,1.589,34.765625,0.00010948453,0.0013139742,7.6253154
0:00:00.600, 0.600,12.000759,0.63139,0.022,0.038,0.005,1.589,34.765625,0.00011299225,0.0013560696,7.5771592
0:00:00.620, 0.620,12.000681,0.668927,0.044,0.056,0.002,1.588,34.765625,0.00011670851,0.0014006672,8.0275795
0:00:00.640, 0.640,12.000564,0.657479,0.034,0.048,0.003,1.588,34.765625,0.00012036117,0.0014445012,7.8901188
0:00:00.660, 0.660,12.000427,0.626227,0.039,0.051,0.002,1.588,34.765625,0.00012384021,0.0014862512,7.5149914
0:00:00.680, 0.680,12.000427,0.656981,0.035,0.055,0.003,1.588,34.765625,0.00012749011,0.0015300514,7.8840525
0:00:00.700, 0.700,12.000525,0.67493,0.034,0.053,0.003,1.588,34.765625,0.00013123972,0.0015750487,8.0995143
0:00:00.720, 0.720,12.00113,0.636609,0.042,0.057,0.004,1.589,34.765625,0.00013477643,0.0016174933,7.6400274
0:00:00.740, 0.740,12.000838,0.689504,0.015,0.033,0.005,1.588,34.765625,0.00013860701,0.0016634635,8.2746258
0:00:00.760, 0.760,12.000408,0.625266,0.035,0.048,0.003,1.589,34.765625,0.00014208071,0.0017051493,7.5034471
0:00:00.780, 0.780,12.000213,0.682265,0.036,0.052,0.003,1.589,34.765625,0.00014587107,0.0017506344,8.1873253
0:00:00.800, 0.800,12.000134,0.655971,0.038,0.05,0.002,1.588,34.765625,0.00014951536,0.0017943663,7.8717399
0:00:00.820, 0.820,12.000076,0.637381,0.036,0.05,0.002,1.588,34.765625,0.00015305636,0.0018368586,7.6486204
0:00:00.840, 0.840,11.999705,0.628332,0.037,0.049,0.002,1.589,34.765625,0.00015654709,0.0018787464,7.5397986
0:00:00.860, 0.860,12.000037,0.667156,0.033,0.044,0.001,1.588,34.765625,0.00016025352,0.0019232236,8.0058967
0:00:00.880, 0.880,11.999705,0.644427,0.033,0.047,0.002,1.588,34.765625,0.00016383367,0.0019661844,7.7329339
0:00:00.900, 0.900,11.999627,0.650555,0.018,0.032,0.002,1.586,34.765625,0.00016744786,0.0020095533,7.8064173
0:00:00.920, 0.920,11.999705,0.695113,0.026,0.05,0.005,1.591,34.765625,0.0001713096,0.0020558931,8.3411509
0:00:00.940, 0.940,11.999705,0.655938,0.023,0.06,0.005,1.589,34.765625,0.0001749537,0.0020996212,7.8710625
0:00:00.960, 0.960,11.999978,0.654337,0.038,0.051,0.002,1.587,34.765625,0.00017858891,0.0021432436,7.8520296
0:00:00.980, 0.980,12.00031,0.661914,0.034,0.047,0.003,1.588,34.765625,0.00018226621,0.0021873723,7.9431732
0:00:01.000, 1.000,11.999978,0.62364,0.02,0.037,0.003,1.59,34.757813,0.00018573087,0.0022289482,7.4836663
0:00:01.020, 1.020,12.000232,0.651448,0.018,0.032,0.003,1.591,34.757813,0.00018935003,0.0022723789,7.8175271
0:00:01.040, 1.040,12.000545,0.635784,0.038,0.058,0.002,1.589,34.757813,0.00019288216,0.0023147665,7.6297545
0:00:01.060, 1.060,12.000369,0.68911,0.039,0.052,0.002,1.589,34.757813,0.00019671055,0.0023607085,8.2695743
0:00:01.080, 1.080,12.000447,0.649006,0.04,0.049,0.002,1.586,34.757813,0.00020031614,0.0024039772,7.7883621
0:00:01.100, 1.100,12.000486,0.634468,0.033,0.049,0.002,1.588,34.757813,0.00020384096,0.0024462768,7.6139244
0:00:01.120, 1.120,12.00072,0.644616,0.038,0.051,0.003,1.586,34.757813,0.00020742216,0.0024892538,7.7358561
0:00:01.140, 1.140,12.001013,0.661173,0.04,0.055,0.002,1.588,34.757813,0.00021109534,0.0025333357,7.9347458
0:00:01.160, 1.160,12.001072,0.655439,0.034,0.047,0.003,1.587,34.757813,0.00021473667,0.0025770355,7.8659706
0:00:01.180, 1.180,12.000916,0.623841,0.035,0.05,0.001,1.589,34.757813,0.00021820246,0.0026186281,7.4866634
0:00:01.200, 1.200,12.001072,0.633784,0.033,0.047,0.003,1.587,34.757813,0.00022172348,0.0026608841,7.6060874
0:00:01.220, 1.220,12.001443,0.684265,0.033,0.051,0.002,1.587,34.75,0.00022552495,0.0027065073,8.2121674
0:00:01.240, 1.240,12.001443,0.652534,0.03,0.033,0.003,1.589,34.75,0.00022915014,0.0027500148,7.8313496
0:00:01.260, 1.260,12.001404,0.635192,0.014,0.024,0.002,1.588,34.75,0.00023267898,0.0027923658,7.6231958
0:00:01.280, 1.280,12.001716,0.646459,0.025,0.032,0.002,1.589,34.75,0.00023627042,0.0028354693,7.7586173
0:00:01.300, 1.300,12.001736,0.647006,0.038,0.054,0.003,1.588,34.75,0.0002398649,0.0028786093,7.7651952
0:00:01.320, 1.320,12.000916,0.626586,0.013,0.026,0.002,1.586,34.75,0.00024334593,0.0029203848,7.519606
0:00:01.340, 1.340,12.000584,0.642286,0.018,0.035,0.005,1.589,34.75,0.00024691419,0.002963206,7.7078071
0:00:01.360, 1.360,12.00074,0.685006,0.036,0.051,0.003,1.589,34.75,0.00025071978,0.0030088759,8.2205789
0:00:01.380, 1.380,12.000759,0.650305,0.044,0.049,0.002,1.588,34.75,0.00025433258,0.0030522323,7.8041536
0:00:01.400, 1.400,12.000974,0.654518,0.037,0.053,0.003,1.587,34.75,0.00025796879,0.0030958703,7.8548535
0:00:01.420, 1.420,12.001463,0.662722,0.04,0.054,0.002,1.588,34.75,0.00026165058,0.0031400572,7.9536336
0:00:01.440, 1.440,12.001463,0.659033,0.034,0.049,0.001,1.589,34.765625,0.00026531188,0.0031839981,7.9093602
0:00:01.460, 1.460,12.000935,0.638238,0.035,0.049,0.002,1.588,34.765625,0.00026885764,0.0032265506,7.6594528
0:00:01.480, 1.480,12.000955,0.662457,0.033,0.051,0.003,1.588,34.765625,0.00027253796,0.0032707179,7.9501166
0:00:01.500, 1.500,12.00113,0.693355,0.033,0.047,0.002,1.589,34.765625,0.00027638993,0.0033169459,8.3210435
0:00:01.520, 1.520,12.001267,0.660706,0.017,0.037,0.003,1.589,34.765625,0.00028006052,0.0033609976,7.9293091
0:00:01.540, 1.540,12.001404,0.662244,0.035,0.056,0.005,1.59,34.765625,0.00028373966,0.0034051524,7.9478578
0:00:01.560, 1.560,12.001541,0.669172,0.025,0.05,0.005,1.591,34.78125,0.00028745728,0.0034497696,8.0310952
0:00:01.580, 1.580,12.00115,0.668834,0.034,0.05,0.003,1.588,34.78125,0.00029117302,0.0034943628,8.0267772
0:00:01.600, 1.600,12.000955,0.692244,0.033,0.047,0.002,1.588,34.78125,0.00029501882,0.0035405161,8.3075891
0:00:01.620, 1.620,12.000818,0.672838,0.037,0.051,0.003,1.589,34.78125,0.00029875681,0.003585375,8.0746064
0:00:01.640, 1.640,12.000759,0.667297,0.032,0.048,0.003,1.589,34.78125,0.00030246402,0.0036298643,8.0080705
0:00:01.660, 1.660,12.000759,0.646378,0.015,0.025,0.002,1.589,34.78125,0.00030605501,0.0036729589,7.7570266
0:00:01.680, 1.680,12.000798,0.666839,0.017,0.033,0.002,1.588,34.78125,0.00030975967,0.0037174177,8.0026001
0:00:01.700, 1.700,11.999861,0.651239,0.014,0.027,0.003,1.59,34.78125,0.00031337766,0.0037608332,7.8147775
0:00:01.720, 1.720,11.999138,0.6378,0.033,0.052,0.003,1.588,34.78125,0.00031692099,0.0038033501,7.6530502
0:00:01.740, 1.740,11.999353,0.66133,0.044,0.053,0.004,1.59,34.78125,0.00032059505,0.0038474364,7.9355321
0:00:01.760, 1.760,11.999412,0.696364,0.038,0.053,0.004,1.589,34.78125,0.00032446374,0.0038938584,8.3559585
0:00:01.780, 1.780,11.99908,0.689975,0.014,0.033,0.004,1.589,34.78125,0.00032829693,0.0039398532,8.2790652
0:00:01.800, 1.800,11.999099,0.646157,0.024,0.048,0.005,1.589,34.78125,0.00033188669,0.0039829271,7.7533018
0:00:01.820, 1.820,11.999353,0.668617,0.031,0.049,0.002,1.588,34.78125,0.00033560123,0.0040274992,8.0229714
0:00:01.840, 1.840,11.999099,0.622928,0.04,0.054,0.002,1.588,34.78125,0.00033906194,0.0040690246,7.4745747
0:00:01.860, 1.860,11.998591,0.649613,0.034,0.052,0.002,1.589,34.78125,0.00034267091,0.004112327,7.7944407
0:00:01.880, 1.880,11.998611,0.692542,0.012,0.027,0.003,1.59,34.78125,0.00034651836,0.0041584911,8.3095421
0:00:01.900, 1.900,11.998748,0.666533,0.014,0.029,0.002,1.587,34.78125,0.00035022132,0.004202922,7.9975615
0:00:01.920, 1.920,11.999334,0.654723,0.038,0.053,0.002,1.587,34.78125,0.00035385867,0.0042465678,7.85624
0:00:01.940, 1.940,11.999724,0.655262,0.044,0.055,0.002,1.588,34.78125,0.00035749902,0.0042902509,7.8629631
0:00:01.960, 1.960,11.999861,0.660244,0.02,0.039,0.004,1.591,34.78125,0.00036116704,0.0043342667,7.9228362
0:00:01.980, 1.980,11.999392,0.631072,0.04,0.055,0.003,1.588,34.78125,0.00036467299,0.004376336,7.5724803
0:00:02.000, 2.000,11.999588,0.64573,0.034,0.059,0.006,1.59,34.773438,0.00036826038,0.0044193832,7.748494
0:00:02.020, 2.020,11.999705,0.680242,0.035,0.05,0.003,1.588,34.773438,0.00037203951,0.0044647315,8.1627033
0:00:02.040, 2.040,11.999998,0.688719,0.037,0.055,0.005,1.591,34.773438,0.00037586572,0.0045106461,8.2646266
0:00:02.060, 2.060,12.000076,0.652426,0.015,0.033,0.005,1.591,34.773438,0.00037949031,0.0045541415,7.8291616
0:00:02.080, 2.080,12.000173,0.643364,0.043,0.056,0.003,1.589,34.773438,0.00038306456,0.004597033,7.7204793
0:00:02.100, 2.100,12.000564,0.665177,0.023,0.042,0.004,1.59,34.773438,0.00038675998,0.0046413802,7.9824992
0:00:02.120, 2.120,12.000877,0.665,0.033,0.049,0.002,1.589,34.773438,0.00039045443,0.0046857168,7.9805832
0:00:02.140, 2.140,12.001013,0.664179,0.037,0.055,0.004,1.59,34.773438,0.00039414431,0.0047299991,7.9708208
0:00:02.160, 2.160,12.000623,0.635084,0.015,0.031,0.004,1.592,34.773438,0.00039767256,0.0047723403,7.6214037
0:00:02.180, 2.180,12.000662,0.645561,0.013,0.027,0.003,1.588,34.773438,0.00040125901,0.00481538,7.7471594
0:00:02.200, 2.200,12.000798,0.680117,0.019,0.048,0.003,1.59,34.773438,0.00040503743,0.0048607242,8.1619467
0:00:02.220, 2.220,12.000994,0.674874,0.012,0.029,0.004,1.59,34.773438,0.00040878673,0.0049057195,8.0991588
0:00:02.240, 2.240,12.000935,0.663298,0.015,0.032,0.004,1.589,34.773438,0.00041247172,0.0049499428,7.9601962
0:00:02.260, 2.260,12.000838,0.649014,0.035,0.048,0.003,1.589,34.773438,0.00041607736,0.0049932134,7.7887119
0:00:02.280, 2.280,12.001091,0.668488,0.044,0.056,0.003,1.588,34.773438,0.00041979118,0.0050377834,8.0225853
0:00:02.300, 2.300,12.000818,0.655198,0.038,0.053,0.002,1.588,34.773438,0.00042343117,0.0050814662,7.862912
0:00:02.320, 2.320,12.000564,0.654844,0.042,0.055,0.002,1.59,34.773438,0.00042706919,0.0051251245,7.8584973
0:00:02.340, 2.340,12.000545,0.666299,0.038,0.052,0.001,1.589,34.773438,0.00043077085,0.0051695465,7.9959511
0:00:02.360, 2.360,12.000701,0.708363,0.044,0.056,0.002,1.588,34.773438,0.0004347062,0.0052167734,8.5008526
0:00:02.380, 2.380,12.000564,0.651758,0.021,0.046,0.004,1.589,34.773438,0.00043832708,0.005260226,7.8214636
0:00:02.400, 2.400,12.000701,0.65822,0.04,0.054,0.002,1.588,34.773438,0.00044198386,0.0053041099,7.8991014
0:00:02.420, 2.420,12.000798,0.658324,0.037,0.051,0.001,1.589,34.773438,0.00044564121,0.0053480011,7.9004133
0:00:02.440, 2.440,12.000857,0.663129,0.044,0.054,0.003,1.587,34.78125,0.00044932526,0.0053922128,7.9581163
0:00:02.460, 2.460,12.000252,0.625238,0.033,0.047,0.003,1.588,34.78125,0.00045279881,0.0054338962,7.5030136
0:00:02.480, 2.480,11.999978,0.653025,0.033,0.049,0.003,1.588,34.78125,0.00045642672,0.0054774311,7.8362856
0:00:02.500, 2.500,12.000173,0.695286,0.033,0.048,0.003,1.589,34.78125,0.00046028942,0.0055237842,8.3435523
0:00:02.520, 2.520,12.000154,0.672057,0.032,0.027,0.003,1.588,34.78125,0.00046402307,0.0055685886,8.0647875
0:00:02.540, 2.540,12.000213,0.638785,0.035,0.05,0.004,1.59,34.78125,0.00046757188,0.005611175,7.6655561
0:00:02.560, 2.560,12.000642,0.672001,0.045,0.056,0.003,1.591,34.78125,0.00047130522,0.0056559775,8.0644434
0:00:02.580, 2.580,12.00072,0.667503,0.022,0.038,0.003,1.59,34.78125,0.00047501357,0.0057004803,8.0105166
0:00:02.600, 2.600,12.000095,0.64606,0.038,0.051,0.002,1.589,34.78125,0.00047860279,0.0057435513,7.7527814
0:00:02.620, 2.620,12.000252,0.698911,0.036,0.05,0.003,1.588,34.78125,0.00048248563,0.0057901464,8.3871081
0:00:02.640, 2.640,12.000369,0.650921,0.036,0.05,0.003,1.588,34.78125,0.00048610186,0.0058335425,7.8112922
0:00:02.660, 2.660,12.000388,0.644974,0.033,0.048,0.002,1.588,34.773438,0.00048968504,0.0058765421,7.7399382
0:00:02.680, 2.680,12.00074,0.648921,0.033,0.049,0.003,1.588,34.773438,0.00049329016,0.0059198062,7.7875322
0:00:02.700, 2.700,12.000701,0.672601,0.034,0.048,0.002,1.588,34.773438,0.00049702683,0.0059646489,8.0716835
0:00:02.720, 2.720,12.000232,0.649674,0.018,0.039,0.005,1.59,34.773438,0.00050063613,0.0060079613,7.7962387
0:00:02.740, 2.740,12.000252,0.639775,0.031,0.027,0.003,1.589,34.773438,0.00050419044,0.0060506139,7.6774612
0:00:02.760, 2.760,12.000427,0.7065,0.036,0.052,0.003,1.588,34.773438,0.00050811544,0.0060977155,8.4783017
0:00:02.780, 2.780,12.000564,0.652092,0.033,0.028,0.002,1.587,34.773438,0.00051173817,0.0061411904,7.8254718
0:00:02.800, 2.800,12.000447,0.65513,0.015,0.025,0.002,1.588,34.773438,0.00051537778,0.0061848673,7.8618528
0:00:02.820, 2.820,12.000466,0.639083,0.037,0.044,0.002,1.588,34.773438,0.00051892824,0.0062274745,7.6692938
0:00:02.840, 2.840,12.000818,0.6624,0.029,0.055,0.004,1.59,34.773438,0.00052260824,0.0062716375,7.9493418
0:00:02.860, 2.860,12.00113,0.664062,0.033,0.029,0.003,1.588,34.773438,0.00052629748,0.0063159125,7.9694944
0:00:02.880, 2.880,12.000603,0.649448,0.018,0.029,0.002,1.588,34.765625,0.00052990552,0.0063592112,7.7937676
0:00:02.900, 2.900,12.000271,0.644785,0.033,0.046,0.002,1.587,34.765625,0.00053348766,0.0064021978,7.7375947
0:00:02.920, 2.920,12.000486,0.633466,0.033,0.047,0.002,1.589,34.765625,0.00053700692,0.0064444306,7.6018999
0:00:02.940, 2.940,12.00033,0.656192,0.036,0.049,0.002,1.587,34.765625,0.00054065243,0.0064881779,7.8745205
0:00:02.960, 2.960,12.000545,0.67324,0.032,0.045,0.003,1.588,34.765625,0.00054439265,0.0065330626,8.0792469
0:00:02.980, 2.980,12.000388,0.655665,0.033,0.048,0.002,1.589,34.765625,0.00054803523,0.006576775,7.8682344
0:00:03.000, 3.000,12.000486,0.645602,0.034,0.052,0.003,1.588,34.765625,0.00055162191,0.0066198169,7.7475378
0:00:03.020, 3.020,12.000877,0.659922,0.029,0.051,0.002,1.588,34.765625,0.00055528814,0.0066638149,7.9196428
0:00:03.040, 3.040,12.001091,0.666074,0.033,0.051,0.003,1.588,34.765625,0.00055898856,0.0067082239,7.9936147
0:00:03.060, 3.060,12.000584,0.632319,0.018,0.033,0.001,1.589,34.765625,0.00056250144,0.0067503805,7.5881973
0:00:03.080, 3.080,12.000564,0.653528,0.014,0.033,0.004,1.589,34.75,0.00056613215,0.0067939511,7.8427046
0:00:03.100, 3.100,12.000623,0.701861,0.027,0.063,0.004,1.589,34.75,0.00057003138,0.0068407443,8.4227693
0:00:03.120, 3.120,12.000564,0.66811,0.048,0.059,0.003,1.588,34.75,0.0005737431,0.006885287,8.0176968
0:00:03.140, 3.140,12.001052,0.668106,0.04,0.054,0.002,1.588,34.75,0.0005774548,0.0069298313,8.0179748
0:00:03.160, 3.160,12.001716,0.677019,0.046,0.059,0.004,1.589,34.75,0.00058121602,0.0069749724,8.1253898
0:00:03.180, 3.180,12.001873,0.675735,0.014,0.03,0.003,1.589,34.75,0.0005849701,0.0070200284,8.1100857
0:00:03.200, 3.200,12.001209,0.625048,0.04,0.055,0.003,1.588,34.75,0.00058844259,0.0070617025,7.5013317
0:00:03.220, 3.220,12.000759,0.649428,0.047,0.057,0.003,1.588,34.75,0.00059205052,0.0071050004,7.7936289
0:00:03.240, 3.240,12.000838,0.670975,0.015,0.033,0.002,1.589,34.75,0.00059577816,0.0071497352,8.0522623
0:00:03.260, 3.260,12.001326,0.708001,0.045,0.055,0.005,1.59,34.75,0.0005997115,0.0071969405,8.4969508
0:00:03.280, 3.280,12.00115,0.6637,0.02,0.038,0.006,1.591,34.75,0.00060339872,0.0072411914,7.9651633
0:00:03.300, 3.300,12.00115,0.651557,0.043,0.048,0.003,1.588,34.773438,0.00060701848,0.0072846327,7.8194333
0:00:03.320, 3.320,12.001189,0.641876,0.045,0.059,0.004,1.59,34.773438,0.00061058446,0.0073274286,7.7032752
0:00:03.340, 3.340,12.001482,0.670625,0.022,0.037,0.003,1.59,34.773438,0.00061431016,0.0073721425,8.0484939
0:00:03.360, 3.360,12.001443,0.65923,0.034,0.041,0.003,1.589,34.773438,0.00061797254,0.0074160964,7.9117113
0:00:03.380, 3.380,12.000877,0.641111,0.041,0.054,0.003,1.587,34.773438,0.00062153427,0.0074588403,7.6938943
0:00:03.400, 3.400,12.000955,0.647992,0.025,0.04,0.004,1.59,34.773438,0.00062513423,0.0075020432,7.7765228
0:00:03.420, 3.420,12.001091,0.662252,0.04,0.054,0.003,1.59,34.773438,0.00062881341,0.0075461973,7.9477465
0:00:03.440, 3.440,12.001267,0.693576,0.016,0.036,0.005,1.591,34.773438,0.00063266661,0.0075924406,8.3237908
0:00:03.460, 3.460,12.00115,0.665374,0.014,0.025,0.002,1.588,34.773438,0.00063636313,0.0076368031,7.9852532
0:00:03.480, 3.480,12.00113,0.633631,0.018,0.036,0.003,1.59,34.773438,0.0006398833,0.0076790492,7.604288
0:00:03.500, 3.500,12.001111,0.631281,0.011,0.024,0.003,1.588,34.773438,0.00064339042,0.0077211385,7.5760734
0:00:03.520, 3.520,12.001326,0.664123,0.033,0.029,0.003,1.589,34.773438,0.00064707999,0.0077654182,7.9703566
0:00:03.540, 3.540,12.001326,0.657363,0.017,0.029,0.002,1.588,34.773438,0.00065073201,0.0078092473,7.8892277
0:00:03.560, 3.560,12.000759,0.633088,0.044,0.057,0.003,1.59,34.773438,0.00065424916,0.0078514558,7.5975365
0:00:03.580, 3.580,12.000623,0.633498,0.034,0.029,0.003,1.589,34.773438,0.00065776859,0.0078936912,7.6023707
0:00:03.600, 3.600,12.000818,0.696586,0.022,0.051,0.004,1.588,34.773438,0.00066163852,0.0079401334,8.3596018
0:00:03.620, 3.620,12.000974,0.643899,0.012,0.03,0.006,1.592,34.773438,0.00066521573,0.0079830635,7.7274152
0:00:03.640, 3.640,12.000916,0.656795,0.034,0.048,0.003,1.589,34.773438,0.00066886459,0.0080268532,7.8821416
0:00:03.660, 3.660,12.000681,0.614543,0.033,0.047,0.003,1.588,34.773438,0.00067227872,0.008067825,7.3749345
0:00:03.680, 3.680,12.001248,0.649927,0.035,0.05,0.002,1.587,34.773438,0.00067588943,0.008111158,7.7999351
0:00:03.700, 3.700,12.001384,0.677288,0.033,0.049,0.003,1.589,34.773438,0.00067965214,0.0081563157,8.1283934
0:00:03.720, 3.720,12.001443,0.677461,0.02,0.042,0.003,1.589,34.773438,0.00068341581,0.0082014852,8.1305096
0:00:03.740, 3.740,12.00115,0.66603,0.039,0.051,0.002,1.589,34.75,0.00068711598,0.0082458915,7.9931259
0:00:03.760, 3.760,12.00113,0.692808,0.034,0.047,0.003,1.589,34.75,0.00069096491,0.008292083,8.3144789
0:00:03.780, 3.780,12.000955,0.660373,0.02,0.036,0.004,1.59,34.75,0.00069463365,0.0083361114,7.9251067
0:00:03.800, 3.800,12.000857,0.653403,0.04,0.059,0.003,1.589,34.75,0.00069826367,0.0083796747,7.841396
0:00:03.820, 3.820,12.001384,0.661097,0.041,0.052,0.002,1.588,34.75,0.00070193643,0.0084237529,7.934079
0:00:03.840, 3.840,12.001248,0.644748,0.036,0.051,0.003,1.587,34.75,0.00070551836,0.0084667406,7.7377806
0:00:03.860, 3.860,12.00115,0.638773,0.014,0.025,0.003,1.588,34.75,0.0007090671,0.0085093295,7.6660106
0:00:03.880, 3.880,12.001443,0.70209,0.04,0.049,0.002,1.59,34.75,0.0007129676,0.0085561412,8.4260931
0:00:03.900, 3.900,12.001443,0.642906,0.019,0.041,0.005,1.588,34.75,0.0007165393,0.0085990067,7.7157997
0:00:03.920, 3.920,12.001345,0.653275,0.025,0.04,0.004,1.59,34.75,0.00072016861,0.0086425632,7.8401787
0:00:03.940, 3.940,12.001736,0.662751,0.036,0.05,0.005,1.589,34.75,0.00072385056,0.008686753,7.9541625
0:00:03.960, 3.960,12.001736,0.638315,0.033,0.045,0.002,1.588,34.757813,0.00072739675,0.0087293135,7.6608881
0:00:03.980, 3.980,12.001443,0.646434,0.036,0.051,0.002,1.588,34.757813,0.00073098805,0.0087724143,7.7581408
0:00:04.000, 4.000,12.001463,0.708126,0.038,0.039,0.002,1.589,34.757813,0.00073492208,0.0088196285,8.498548
0:00:04.019, 4.020,12.001541,0.674138,0.03,0.029,0.002,1.589,34.757813,0.00073866729,0.0088645768,8.0906948
0:00:04.040, 4.040,12.001521,0.641035,0.04,0.056,0.003,1.589,34.757813,0.0007422286,0.0089073178,7.693395
0:00:04.059, 4.060,12.001638,0.66745,0.039,0.052,0.002,1.588,34.757813,0.00074593666,0.0089518206,8.0104933
0:00:04.080, 4.080,12.001873,0.666818,0.025,0.047,0.004,1.589,34.757813,0.0007496412,0.008996282,8.003065
0:00:04.100, 4.100,12.001209,0.627519,0.035,0.046,0.002,1.589,34.757813,0.00075312742,0.0090381208,7.5309867
0:00:04.120, 4.120,12.00113,0.647935,0.041,0.056,0.003,1.59,34.757813,0.00075672706,0.0090813206,7.7759522
0:00:04.140, 4.140,12.000974,0.703744,0.029,0.044,0.003,1.589,34.757813,0.00076063674,0.0091282407,8.4456134
0:00:04.160, 4.160,12.000955,0.642523,0.023,0.04,0.005,1.59,34.757813,0.00076420632,0.0091710789,7.7108896
0:00:04.180, 4.180,12.00031,0.715167,0.043,0.051,0.002,1.589,34.757813,0.00076817947,0.009218758,8.5822257
0:00:04.200, 4.200,12.000095,0.722478,0.035,0.05,0.002,1.589,34.757813,0.00077219323,0.0092669235,8.6698046
0:00:04.220, 4.220,12.00033,0.66883,0.021,0.049,0.003,1.589,34.757813,0.00077590896,0.0093115134,8.0261807
0:00:04.240, 4.240,12.000603,0.656936,0.038,0.054,0.003,1.587,34.757813,0.0007795586,0.0093553114,7.8836281
0:00:04.260, 4.260,12.000095,0.634347,0.04,0.054,0.002,1.589,34.757813,0.00078308275,0.0093976015,7.6122243
0:00:04.280, 4.280,12.000173,0.645807,0.047,0.056,0.003,1.588,34.757813,0.00078667057,0.0094406559,7.7497957
0:00:04.300, 4.300,12.000252,0.679046,0.04,0.055,0.002,1.587,34.765625,0.00079044304,0.0094859266,8.1487231
0:00:04.320, 4.320,12.000388,0.662336,0.039,0.055,0.003,1.589,34.765625,0.00079412269,0.0095300837,7.948289
0:00:04.340, 4.340,12.000369,0.653613,0.04,0.055,0.003,1.588,34.765625,0.00079775387,0.0095736593,7.8435972
0:00:04.360, 4.360,12.000466,0.624393,0.033,0.045,0.002,1.589,34.765625,0.00080122272,0.0096152871,7.493007
0:00:04.380, 4.380,12.000759,0.644137,0.04,0.055,0.003,1.588,34.765625,0.00080480126,0.0096582323,7.7301329
0:00:04.400, 4.400,12.000916,0.655439,0.042,0.056,0.002,1.587,34.765625,0.00080844259,0.0097019315,7.8658684
0:00:04.420, 4.420,12.000213,0.639984,0.039,0.047,0.003,1.589,34.765625,0.00081199806,0.0097445979,7.6799443
0:00:04.440, 4.440,12.000115,0.656365,0.034,0.051,0.003,1.589,34.765625,0.00081564453,0.009788356,7.8764555
0:00:04.460, 4.460,12.000173,0.640061,0.014,0.031,0.003,1.589,34.765625,0.00081920042,0.0098310273,7.6808427
0:00:04.480, 4.480,12.000408,0.670436,0.034,0.05,0.003,1.589,34.765625,0.00082292507,0.0098757246,8.0455055
0:00:04.500, 4.500,12.000662,0.658582,0.018,0.036,0.002,1.588,34.765625,0.00082658386,0.0099196325,7.90342
0:00:04.520, 4.520,12.000505,0.638226,0.025,0.047,0.003,1.59,34.765625,0.00083012956,0.0099621826,7.6590343
0:00:04.540, 4.540,12.000447,0.635269,0.009,0.028,0.003,1.589,34.765625,0.00083365883,0.010004535,7.623512
0:00:04.560, 4.560,12.000388,0.63749,0.032,0.047,0.003,1.589,34.765625,0.00083720044,0.010047036,7.6501273
0:00:04.580, 4.580,12.000642,0.669828,0.021,0.04,0.003,1.589,34.765625,0.00084092171,0.010091694,8.038366
0:00:04.600, 4.600,12.00074,0.660417,0.038,0.036,0.002,1.59,34.765625,0.00084459069,0.010135724,7.9254927
0:00:04.620, 4.620,12.000252,0.644527,0.035,0.033,0.002,1.589,34.765625,0.00084817139,0.010178694,7.7344864
0:00:04.640, 4.640,12.000193,0.650217,0.03,0.052,0.003,1.59,34.765625,0.00085178371,0.010222042,7.8027295
0:00:04.660, 4.660,12.000408,0.702525,0.018,0.036,0.006,1.591,34.765625,0.00085568663,0.010268879,8.4305866
0:00:04.680, 4.680,12.000564,0.648865,0.024,0.04,0.003,1.591,34.765625,0.00085929143,0.010312138,7.786746
0:00:04.700, 4.700,12.000388,0.651275,0.033,0.05,0.002,1.589,34.765625,0.00086290963,0.010355558,7.8155527
0:00:04.720, 4.720,12.000427,0.665652,0.041,0.055,0.003,1.588,34.765625,0.00086660769,0.010399937,7.9881082
0:00:04.740, 4.740,12.000623,0.664066,0.04,0.053,0.003,1.588,34.765625,0.00087029695,0.01044421,7.9692057
0:00:04.760, 4.760,11.99988,0.621045,0.041,0.054,0.002,1.587,34.765625,0.0008737472,0.010485612,7.4524655
0:00:04.780, 4.780,11.999802,0.653552,0.035,0.05,0.002,1.586,34.765625,0.00087737804,0.010529182,7.8424946
0:00:04.800, 4.800,12.000134,0.695966,0.036,0.05,0.001,1.587,34.765625,0.00088124452,0.01057558,8.3516853
0:00:04.820, 4.820,12.000173,0.647279,0.042,0.051,0.003,1.589,34.765625,0.00088484052,0.010618733,7.76746
0:00:04.840, 4.840,12.000173,0.647549,0.034,0.047,0.002,1.586,34.765625,0.00088843801,0.010661903,7.7707
0:00:04.860, 4.860,12.000486,0.645706,0.038,0.052,0.002,1.588,34.765625,0.00089202527,0.010704952,7.7487858
0:00:04.880, 4.880,12.000798,0.646467,0.041,0.057,0.003,1.587,34.765625,0.00089561675,0.010748053,7.7581199
0:00:04.900, 4.900,12.000916,0.65933,0.033,0.048,0.003,1.588,34.765625,0.00089927969,0.010792011,7.9125639
0:00:04.920, 4.920,12.000271,0.625157,0.04,0.054,0.003,1.588,34.765625,0.00090275279,0.010833689,7.5020534
0:00:04.940, 4.940,11.999841,0.638862,0.018,0.036,0.005,1.591,34.757813,0.00090630202,0.01087628,7.6662424
0:00:04.960, 4.960,11.999978,0.648048,0.037,0.051,0.003,1.588,34.757813,0.00090990229,0.010919483,7.7765617
0:00:04.980, 4.980,11.9999,0.720989,0.04,0.054,0.003,1.586,34.757813,0.00091390778,0.010967548,8.6517959
0:00:05.000, 5.000,11.999802,0.650329,0.036,0.059,0.004,1.589,34.757813,0.00091752072,0.011010903,7.8038192
0:00:05.020, 5.020,11.99992,0.621958,0.043,0.058,0.002,1.589,34.757813,0.00092097604,0.011052366,7.4634462
0:00:05.040, 5.040,11.999861,0.638375,0.039,0.053,0.002,1.588,34.757813,0.00092452257,0.011094924,7.6604113
0:00:05.060, 5.060,11.999705,0.638218,0.034,0.051,0.003,1.588,34.757813,0.00092806823,0.011137471,7.6584277
0:00:05.080, 5.080,11.999255,0.644201,0.017,0.033,0.004,1.591,34.757813,0.00093164712,0.011180415,7.7299321
0:00:05.100, 5.100,11.99949,0.698413,0.018,0.033,0.002,1.587,34.757813,0.00093552719,0.011226974,8.3805998
0:00:05.120, 5.120,11.999392,0.647505,0.043,0.054,0.003,1.589,34.757813,0.00093912444,0.011270139,7.7696663
0:00:05.140, 5.140,11.999568,0.657105,0.022,0.039,0.005,1.591,34.757813,0.00094277503,0.011313944,7.8849761
0:00:05.160, 5.160,11.999607,0.649505,0.016,0.033,0.002,1.59,34.757813,0.00094638339,0.011357243,7.7938047
0:00:05.180, 5.180,11.99988,0.66914,0.04,0.048,0.002,1.589,34.757813,0.00095010083,0.011401852,8.0295997
0:00:05.200, 5.200,11.999314,0.606028,0.041,0.056,0.002,1.589,34.757813,0.00095346766,0.011442252,7.2719203
0:00:05.220, 5.220,11.99906,0.633909,0.04,0.051,0.003,1.589,34.757813,0.00095698937,0.011484509,7.6063121
0:00:05.240, 5.240,11.998748,0.65964,0.011,0.027,0.003,1.592,34.757813,0.00096065404,0.01152848,7.9148541
0:00:05.260, 5.260,11.998884,0.710339,0.034,0.052,0.003,1.588,34.757813,0.00096460037,0.011575832,8.5232753
0:00:05.280, 5.280,11.999177,0.672319,0.038,0.031,0.001,1.59,34.757813,0.00096833547,0.01162065,8.0672747
0:00:05.300, 5.300,11.999275,0.651315,0.038,0.052,0.003,1.589,34.757813,0.00097195389,0.011664068,7.8153078
0:00:05.320, 5.320,11.999392,0.630734,0.048,0.059,0.005,1.589,34.757813,0.00097545797,0.011706115,7.5684245
0:00:05.340, 5.340,11.999744,0.668726,0.019,0.038,0.004,1.588,34.757813,0.00097917311,0.011750696,8.0245408
0:00:05.360, 5.360,11.999841,0.658972,0.039,0.06,0.003,1.586,34.757813,0.00098283407,0.011794627,7.9075592
0:00:05.380, 5.380,11.999275,0.64264,0.038,0.051,0.002,1.588,34.757813,0.00098640429,0.011837467,7.7112141
0:00:05.400, 5.400,11.999412,0.66782,0.04,0.052,0.003,1.588,34.757813,0.0009901144,0.011881986,8.0134473
0:00:05.420, 5.420,11.999783,0.701044,0.033,0.05,0.002,1.588,34.757813,0.00099400909,0.011928722,8.4123759
0:00:05.440, 5.440,11.999783,0.654888,0.037,0.05,0.002,1.589,34.757813,0.00099764736,0.01197238,7.8585139
0:00:05.460, 5.460,11.99988,0.638765,0.034,0.048,0.002,1.586,34.757813,0.0010011961,0.012014964,7.6651033
0:00:05.480, 5.480,12.00031,0.670432,0.033,0.047,0.002,1.588,34.757813,0.0010049207,0.012059661,8.0453918
0:00:05.500, 5.500,12.000545,0.666026,0.035,0.051,0.002,1.587,34.757813,0.0010086208,0.012104064,7.992675
0:00:05.520, 5.520,12.000173,0.652092,0.009,0.022,0.002,1.587,34.757813,0.0010122435,0.012147538,7.8252168
0:00:05.540, 5.540,12.000213,0.658546,0.036,0.036,0.003,1.588,34.757813,0.0010159021,0.012191442,7.9026923
0:00:05.560, 5.560,12.000603,0.717855,0.034,0.038,0.003,1.589,34.757813,0.0010198902,0.012239301,8.6146929
0:00:05.580, 5.580,12.000564,0.660819,0.009,0.024,0.002,1.588,34.757813,0.0010235614,0.012283358,7.9302007
0:00:05.600, 5.600,12.000564,0.63928,0.034,0.034,0.003,1.587,34.757813,0.001027113,0.012325978,7.6717206
0:00:05.620, 5.620,12.000779,0.667885,0.035,0.052,0.003,1.589,34.757813,0.0010308235,0.012370507,8.0151403
0:00:05.640, 5.640,12.00113,0.655182,0.026,0.051,0.005,1.592,34.757813,0.0010344634,0.01241419,7.8629244
0:00:05.660, 5.660,12.000877,0.638544,0.02,0.036,0.003,1.591,34.757813,0.0010380108,0.012456762,7.663088
0:00:05.680, 5.680,12.000642,0.651705,0.036,0.047,0.002,1.588,34.757813,0.0010416314,0.012500212,7.8208784
0:00:05.700, 5.700,12.000681,0.646113,0.037,0.051,0.003,1.589,34.757813,0.0010452209,0.012543288,7.753796
0:00:05.720, 5.720,12.00117,0.643912,0.035,0.046,0.003,1.589,34.757813,0.0010487982,0.01258622,7.7276974
0:00:05.740, 5.740,12.001326,0.689412,0.034,0.048,0.002,1.588,34.757813,0.0010526283,0.012632186,8.2738582
0:00:05.760, 5.760,12.001189,0.641083,0.041,0.052,0.001,1.587,34.757813,0.0010561899,0.012674929,7.6937582
0:00:05.780, 5.780,12.000955,0.652116,0.034,0.052,0.003,1.587,34.757813,0.0010598127,0.012718407,7.8260148
0:00:05.800, 5.800,12.001111,0.65583,0.035,0.047,0.002,1.588,34.757813,0.0010634562,0.012762133,7.8706886
0:00:05.820, 5.820,12.001423,0.668895,0.036,0.048,0.002,1.587,34.75,0.0010671723,0.012806731,8.0276918
0:00:05.840, 5.840,12.001638,0.667957,0.033,0.048,0.003,1.589,34.75,0.0010708832,0.012851268,8.0165781
0:00:05.860, 5.860,12.001189,0.636291,0.038,0.051,0.002,1.587,34.75,0.0010744181,0.012893691,7.6362485
0:00:05.880, 5.880,12.00117,0.650124,0.033,0.044,0.003,1.587,34.75,0.0010780299,0.012937037,7.8022486
0:00:05.900, 5.900,12.001228,0.682877,0.033,0.047,0.003,1.588,34.75,0.0010818237,0.012982567,8.1953626
0:00:05.920, 5.920,12.001345,0.681082,0.035,0.051,0.003,1.588,34.75,0.0010856075,0.013027978,8.1739001
0:00:05.940, 5.940,12.001267,0.645674,0.042,0.058,0.003,1.585,34.75,0.0010891946,0.013071027,7.7489061
0:00:05.960, 5.960,12.001345,0.646535,0.036,0.05,0.003,1.589,34.75,0.0010927864,0.013114134,7.7592896
0:00:05.980, 5.980,12.001463,0.666565,0.034,0.048,0.002,1.588,34.75,0.0010964896,0.013158577,7.9997552
0:00:06.000, 6.000,12.001599,0.660634,0.03,0.045,0.002,1.588,34.75,0.0011001597,0.013202625,7.9286644
0:00:06.020, 6.020,12.000994,0.627435,0.033,0.05,0.002,1.589,34.75,0.0011036455,0.013244458,7.5298437
0:00:06.040, 6.040,12.000759,0.637816,0.034,0.048,0.002,1.589,34.765625,0.0011071889,0.013286982,7.6542761
0:00:06.060, 6.060,12.000838,0.693359,0.012,0.022,0.002,1.589,34.765625,0.0011110409,0.013333209,8.320889
0:00:06.080, 6.080,12.000818,0.67518,0.012,0.025,0.002,1.59,34.765625,0.0011147919,0.013378224,8.1027123
0:00:06.100, 6.100,12.000877,0.658562,0.037,0.048,0.002,1.587,34.765625,0.0011184506,0.013422131,7.9033216
0:00:06.120, 6.120,12.001072,0.675912,0.039,0.053,0.003,1.589,34.765625,0.0011222057,0.013467196,8.1116686
0:00:06.140, 6.140,12.000974,0.647328,0.039,0.055,0.002,1.588,34.765625,0.0011258019,0.013510355,7.7685665
0:00:06.160, 6.160,12.000388,0.641787,0.036,0.053,0.002,1.587,34.765625,0.0011293674,0.013553142,7.701693
0:00:06.180, 6.180,12.000369,0.679268,0.035,0.049,0.003,1.589,34.765625,0.0011331411,0.013598428,8.1514666
0:00:06.200, 6.200,12.000408,0.678121,0.022,0.032,0.002,1.587,34.765625,0.0011369085,0.013643637,8.1377287
0:00:06.220, 6.220,12.000369,0.65072,0.012,0.029,0.005,1.59,34.765625,0.0011405236,0.01368702,7.8088801
0:00:06.240, 6.240,12.000896,0.665861,0.032,0.028,0.001,1.589,34.765625,0.0011442228,0.013731414,7.9909286
0:00:06.260, 6.260,12.001072,0.665547,0.034,0.049,0.003,1.588,34.765625,0.0011479203,0.013775788,7.9872775
0:00:06.280, 6.280,12.000701,0.633402,0.04,0.052,0.003,1.588,34.765625,0.0011514392,0.013818017,7.601268
0:00:06.300, 6.300,12.000427,0.659173,0.042,0.055,0.002,1.588,34.765625,0.0011551013,0.013861964,7.9103575
0:00:06.320, 6.320,12.000584,0.714648,0.045,0.057,0.003,1.588,34.765625,0.0011590715,0.013909609,8.5761934
0:00:06.340, 6.340,12.000408,0.660091,0.033,0.051,0.003,1.588,34.765625,0.0011627387,0.013953617,7.9213613
0:00:06.360, 6.360,12.00072,0.650535,0.038,0.051,0.003,1.586,34.765625,0.0011663528,0.013996988,7.8068884
0:00:06.380, 6.380,12.00113,0.670375,0.037,0.052,0.003,1.588,34.765625,0.0011700771,0.014041684,8.0452575
0:00:06.400, 6.400,12.000974,0.662111,0.034,0.047,0.003,1.587,34.765625,0.0011737555,0.014085828,7.9459769
0:00:06.420, 6.420,12.000545,0.638801,0.034,0.033,0.002,1.588,34.765625,0.0011773044,0.014128417,7.6659601
0:00:06.440, 6.440,12.000525,0.702396,0.044,0.057,0.004,1.589,34.765625,0.0011812066,0.014175246,8.4291208
0:00:06.460, 6.460,12.000564,0.668428,0.016,0.032,0.004,1.591,34.765625,0.0011849201,0.014219809,8.021513
0:00:06.480, 6.480,12.000486,0.661813,0.027,0.062,0.003,1.59,34.75,0.0011885968,0.014263932,7.9420776
0:00:06.500, 6.500,12.000779,0.661906,0.034,0.051,0.002,1.589,34.75,0.0011922741,0.014308062,7.9433876
0:00:06.520, 6.520,12.00072,0.650865,0.034,0.05,0.003,1.588,34.75,0.00119589,0.014351456,7.8108486
0:00:06.540, 6.540,12.000193,0.643417,0.039,0.038,0.003,1.589,34.75,0.0011994645,0.014394351,7.7211282
0:00:06.560, 6.560,12.000291,0.67922,0.033,0.05,0.003,1.589,34.75,0.001203238,0.014439633,8.1508377
0:00:06.580, 6.580,12.000232,0.684362,0.034,0.054,0.002,1.586,34.75,0.00120704,0.014485258,8.2125028
0:00:06.600, 6.600,12.000173,0.659697,0.033,0.059,0.005,1.59,34.765625,0.001210705,0.014529239,7.9164781
0:00:06.620, 6.620,12.000486,0.659862,0.042,0.053,0.003,1.588,34.765625,0.0012143708,0.014573231,7.9186647
0:00:06.640, 6.640,12.00033,0.643461,0.037,0.049,0.001,1.588,34.765625,0.0012179456,0.01461613,7.7217443
0:00:06.660, 6.660,12.000037,0.630553,0.033,0.049,0.002,1.59,34.765625,0.0012214487,0.014658167,7.5666593
0:00:06.680, 6.680,12.000076,0.679433,0.037,0.051,0.002,1.587,34.765625,0.0012252233,0.014703463,8.1532476
0:00:06.700, 6.700,12.000271,0.667812,0.043,0.056,0.003,1.588,34.765625,0.0012289334,0.014747984,8.013925
0:00:06.720, 6.720,12.000134,0.659942,0.048,0.058,0.005,1.591,34.765625,0.0012325997,0.014791981,7.9193924
0:00:06.740, 6.740,12.000349,0.668424,0.042,0.051,0.001,1.59,34.765625,0.0012363132,0.014836544,8.0213213
0:00:06.760, 6.760,11.999978,0.657089,0.014,0.028,0.003,1.588,34.765625,0.0012399637,0.01488035,7.8850535
0:00:06.780, 6.780,12.000213,0.710419,0.036,0.048,0.002,1.588,34.765625,0.0012439105,0.014927712,8.5251793
0:00:06.800, 6.800,12.000173,0.652442,0.043,0.057,0.003,1.589,34.765625,0.0012475352,0.014971209,7.8294169
0:00:06.820, 6.820,12.00033,0.656767,0.045,0.059,0.004,1.589,34.742188,0.0012511839,0.015014994,7.8814207
0:00:06.840, 6.840,12.000798,0.674383,0.016,0.03,0.002,1.587,34.742188,0.0012549304,0.015059956,8.0931342
0:00:06.860, 6.860,12.001072,0.673353,0.039,0.052,0.003,1.589,34.742188,0.0012586713,0.01510485,8.0809578
0:00:06.880, 6.880,12.00074,0.64495,0.041,0.054,0.002,1.588,34.742188,0.0012622543,0.01514785,7.7398773
0:00:06.900, 6.900,12.000564,0.649678,0.043,0.058,0.002,1.589,34.742188,0.0012658637,0.015191164,7.7965024
0:00:06.920, 6.920,12.000564,0.70232,0.034,0.047,0.001,1.587,34.742188,0.0012697654,0.015237987,8.4282361
0:00:06.940, 6.940,12.000564,0.662179,0.036,0.052,0.003,1.588,34.742188,0.0012734442,0.015282134,7.9465215
0:00:06.960, 6.960,12.000564,0.653677,0.033,0.047,0.003,1.588,34.742188,0.0012770757,0.015325715,7.8444927
0:00:06.980, 6.980,12.001072,0.659592,0.035,0.051,0.002,1.589,34.742188,0.0012807402,0.015369692,7.9158111
0:00:07.000, 7.000,12.001345,0.672701,0.033,0.045,0.003,1.588,34.742188,0.0012844774,0.015414543,8.0733168
0:00:07.020, 7.020,12.000955,0.643525,0.038,0.037,0.003,1.589,34.742188,0.0012880525,0.015457449,7.7229146
0:00:07.040, 7.040,12.000838,0.646422,0.014,0.026,0.002,1.589,34.742188,0.0012916438,0.015500546,7.7576057
0:00:07.060, 7.060,12.000994,0.698272,0.036,0.051,0.003,1.59,34.742188,0.001295523,0.015547102,8.3799581
0:00:07.080, 7.080,12.001013,0.65313,0.009,0.024,0.002,1.588,34.742188,0.0012991515,0.015590647,7.8382216
0:00:07.100, 7.100,12.000994,0.670323,0.035,0.048,0.003,1.588,34.742188,0.0013028756,0.015635339,8.0445423
0:00:07.120, 7.120,12.001091,0.639667,0.034,0.051,0.005,1.59,34.742188,0.0013064293,0.015677988,7.6767019
0:00:07.140, 7.140,12.001521,0.65416,0.04,0.047,0.002,1.588,34.742188,0.0013100635,0.015721604,7.850915
0:00:07.160, 7.160,12.001677,0.657463,0.034,0.05,0.002,1.588,34.742188,0.0013137161,0.015765441,7.8906586
0:00:07.180, 7.180,12.000994,0.641598,0.02,0.048,0.004,1.589,34.742188,0.0013172805,0.015808218,7.6998137
0:00:07.200, 7.200,12.000759,0.652691,0.015,0.04,0.003,1.59,34.742188,0.0013209066,0.015851733,7.8327874
0:00:07.220, 7.220,12.000779,0.701024,0.017,0.034,0.003,1.591,34.742188,0.0013248011,0.015898471,8.4128341
0:00:07.240, 7.240,12.000759,0.671896,0.036,0.044,0.002,1.588,34.75,0.0013285339,0.015943267,8.063262
0:00:07.260, 7.260,12.00072,0.655041,0.04,0.053,0.002,1.587,34.75,0.001332173,0.015986939,7.8609636
0:00:07.280, 7.280,12.000955,0.655838,0.041,0.054,0.001,1.588,34.75,0.0013358165,0.016030665,7.8706823
0:00:07.300, 7.300,12.001111,0.662996,0.039,0.053,0.002,1.588,34.75,0.0013394999,0.016074869,7.9566886
0:00:07.320, 7.320,12.000486,0.630054,0.034,0.048,0.002,1.588,34.75,0.0013430002,0.016116874,7.5609542
0:00:07.340, 7.340,12.000232,0.68575,0.035,0.051,0.003,1.587,34.75,0.0013468099,0.016162592,8.2291591
0:00:07.360, 7.360,12.000291,0.672415,0.019,0.04,0.005,1.589,34.75,0.0013505455,0.01620742,8.0691757
0:00:07.380, 7.380,12.00031,0.666203,0.014,0.027,0.003,1.587,34.75,0.0013542466,0.016251835,7.9946425
0:00:07.400, 7.400,12.00033,0.653721,0.033,0.049,0.002,1.588,34.75,0.0013578784,0.016295418,7.8448677
0:00:07.420, 7.420,12.00072,0.666734,0.044,0.061,0.004,1.589,34.75,0.0013615825,0.016339869,8.001288
0:00:07.440, 7.440,12.000447,0.659149,0.025,0.039,0.005,1.591,34.75,0.0013652444,0.016383814,7.9100826
0:00:07.460, 7.460,11.999998,0.639413,0.021,0.06,0.003,1.589,34.765625,0.0013687967,0.016426442,7.6729547
0:00:07.480, 7.480,12.000076,0.668287,0.04,0.054,0.001,1.589,34.765625,0.0013725094,0.016470994,8.0194948
0:00:07.500, 7.500,12.000252,0.682648,0.043,0.055,0.003,1.589,34.765625,0.0013763019,0.016516505,8.191948
0:00:07.520, 7.520,12.000271,0.661093,0.046,0.058,0.003,1.589,34.765625,0.0013799747,0.016560579,7.9332952
0:00:07.540, 7.540,12.000427,0.643545,0.04,0.058,0.003,1.588,34.765625,0.0013835499,0.016603484,7.7228148
0:00:07.560, 7.560,12.000896,0.667281,0.04,0.052,0.003,1.588,34.765625,0.001387257,0.016647972,8.0079699
0:00:07.580, 7.580,12.001189,0.666605,0.029,0.06,0.005,1.588,34.765625,0.0013909604,0.016692417,8.0000526
0:00:07.600, 7.600,12.001033,0.639441,0.042,0.051,0.003,1.589,34.765625,0.0013945128,0.01673505,7.6739525
0:00:07.620, 7.620,12.000564,0.642419,0.038,0.052,0.002,1.588,34.765625,0.0013980818,0.01677788,7.7093903
0:00:07.640, 7.640,12.000662,0.689182,0.029,0.048,0.001,1.589,34.765625,0.0014019106,0.016823828,8.2706402
0:00:07.660, 7.660,12.000681,0.658658,0.02,0.025,0.003,1.589,34.765625,0.0014055698,0.016867741,7.9043445
0:00:07.680, 7.680,12.000896,0.644161,0.029,0.051,0.004,1.591,34.75,0.0014091485,0.016910688,7.7305092
0:00:07.700, 7.700,12.001248,0.669023,0.045,0.055,0.003,1.589,34.75,0.0014128653,0.016955294,8.0291109
0:00:07.720, 7.720,12.00113,0.678057,0.022,0.038,0.004,1.59,34.75,0.0014166323,0.017000503,8.1374502
0:00:07.740, 7.740,12.000759,0.651919,0.047,0.058,0.004,1.586,34.75,0.0014202541,0.017043967,7.8235228
0:00:07.760, 7.760,12.000857,0.689919,0.033,0.048,0.003,1.588,34.75,0.0014240869,0.017089964,8.2796193
0:00:07.780, 7.780,12.000779,0.64934,0.036,0.05,0.002,1.588,34.75,0.0014276944,0.017133257,7.7925858
0:00:07.800, 7.800,12.000916,0.627901,0.033,0.044,0.002,1.587,34.75,0.0014311827,0.01717512,7.5353872
0:00:07.820, 7.820,12.001209,0.647742,0.034,0.046,0.003,1.588,34.75,0.0014347813,0.017218307,7.7736871
0:00:07.840, 7.840,12.001189,0.651323,0.022,0.033,0.002,1.588,34.75,0.0014383998,0.017261733,7.8166504
0:00:07.860, 7.860,12.000681,0.643706,0.044,0.056,0.003,1.587,34.75,0.0014419759,0.017304649,7.7249104
0:00:07.880, 7.880,12.000701,0.683976,0.023,0.046,0.003,1.589,34.75,0.0014457758,0.01735025,8.2081915
0:00:07.900, 7.900,12.001091,0.698807,0.035,0.047,0.003,1.588,34.742188,0.001449658,0.017396841,8.3864464
0:00:07.920, 7.920,12.000955,0.647625,0.044,0.057,0.003,1.588,34.742188,0.0014532559,0.01744002,7.7721185
0:00:07.940, 7.940,12.000857,0.63242,0.039,0.054,0.004,1.589,34.742188,0.0014567694,0.017482184,7.589582
0:00:07.960, 7.960,12.000994,0.654401,0.029,0.062,0.003,1.59,34.742188,0.001460405,0.017525815,7.8534625
0:00:07.980, 7.980,12.000994,0.663233,0.039,0.048,0.003,1.588,34.742188,0.0014640896,0.017570034,7.9594553
0:00:08.000, 8.000,12.000486,0.645863,0.04,0.053,0.003,1.589,34.742188,0.0014676777,0.017613093,7.7506699
0:00:08.020, 8.020,12.000564,0.672987,0.038,0.048,0.003,1.59,34.742188,0.0014714165,0.017657961,8.0762236
0:00:08.039, 8.040,12.000916,0.679364,0.034,0.049,0.003,1.588,34.742188,0.0014751908,0.017703255,8.1529903
0:00:08.060, 8.060,12.000935,0.650108,0.034,0.036,0.003,1.589,34.742188,0.0014788025,0.017746599,7.8019039
0:00:08.080, 8.080,12.000994,0.658723,0.014,0.03,0.005,1.59,34.742188,0.0014824621,0.017790518,7.9053308
0:00:08.100, 8.100,12.001248,0.653842,0.026,0.032,0.003,1.588,34.742188,0.0014860945,0.017834112,7.84692
0:00:08.119, 8.120,12.001013,0.644052,0.036,0.049,0.003,1.587,34.734375,0.0014896726,0.017877052,7.7292764
0:00:08.140, 8.140,12.000759,0.645183,0.039,0.055,0.002,1.588,34.734375,0.0014932569,0.017920067,7.7426857
0:00:08.160, 8.160,12.000935,0.714037,0.036,0.051,0.003,1.588,34.734375,0.0014972238,0.017967673,8.5691116
0:00:08.180, 8.180,12.00115,0.669514,0.039,0.053,0.003,1.588,34.734375,0.0015009433,0.018012312,8.0349379
0:00:08.200, 8.200,12.001091,0.636013,0.033,0.048,0.001,1.588,34.734375,0.0015044767,0.018054716,7.6328499
0:00:08.220, 8.220,12.001619,0.659403,0.038,0.053,0.003,1.589,34.734375,0.0015081401,0.018098683,7.9139036
0:00:08.240, 8.240,12.001736,0.667881,0.038,0.048,0.002,1.588,34.734375,0.0015118505,0.018143214,8.0157314
0:00:08.260, 8.260,12.001248,0.661781,0.033,0.049,0.002,1.59,34.734375,0.0015155271,0.018187338,7.9421979
0:00:08.280, 8.280,12.001033,0.651106,0.035,0.047,0.003,1.587,34.734375,0.0015191443,0.018230749,7.8139446
0:00:08.300, 8.300,12.001091,0.692699,0.033,0.051,0.002,1.589,34.734375,0.0015229927,0.018276933,8.3131437
0:00:08.320, 8.320,12.00115,0.668376,0.022,0.031,0.003,1.589,34.734375,0.0015267059,0.018321495,8.0212806
0:00:08.340, 8.340,12.001091,0.634738,0.034,0.051,0.003,1.589,34.757813,0.0015302322,0.018363815,7.6175485
0:00:08.360, 8.360,12.001345,0.660296,0.04,0.055,0.003,1.588,34.757813,0.0015339005,0.01840784,7.9244401
0:00:08.380, 8.380,12.001287,0.653995,0.041,0.055,0.003,1.589,34.757813,0.0015375338,0.018451444,7.8487817
0:00:08.400, 8.400,12.00113,0.65214,0.039,0.051,0.002,1.588,34.757813,0.0015411568,0.018494924,7.8264169
0:00:08.420, 8.420,12.001228,0.695857,0.033,0.051,0.002,1.587,34.757813,0.0015450227,0.018541319,8.3511385
0:00:08.440, 8.440,12.00115,0.653154,0.033,0.032,0.001,1.587,34.757813,0.0015486513,0.018584867,7.8385991
0:00:08.460, 8.460,12.00113,0.660284,0.043,0.055,0.002,1.589,34.757813,0.0015523196,0.01862889,7.9241541
0:00:08.480, 8.480,12.001189,0.66232,0.034,0.048,0.003,1.589,34.757813,0.0015559991,0.018673049,7.9486275
0:00:08.500, 8.500,12.000857,0.648523,0.039,0.05,0.001,1.588,34.757813,0.001559602,0.018716287,7.7828318
0:00:08.520, 8.520,12.000955,0.683485,0.033,0.046,0.002,1.588,34.757813,0.0015633992,0.018761856,8.2024727
0:00:08.540, 8.540,12.000955,0.653407,0.036,0.036,0.003,1.589,34.757813,0.0015670292,0.01880542,7.841508
0:00:08.560, 8.560,12.000955,0.650277,0.026,0.056,0.006,1.59,34.742188,0.0015706418,0.018848776,7.803945
0:00:08.580, 8.580,12.00115,0.663624,0.037,0.054,0.005,1.59,34.742188,0.0015743287,0.018893021,7.9642512
0:00:08.600, 8.600,12.001111,0.654522,0.044,0.061,0.005,1.591,34.742188,0.0015779649,0.01893666,7.8549912
0:00:08.620, 8.620,12.000584,0.637317,0.04,0.052,0.003,1.588,34.742188,0.0015815055,0.01897915,7.6481762
0:00:08.640, 8.640,12.000525,0.656775,0.034,0.048,0.003,1.588,34.742188,0.0015851543,0.019022937,7.8816448
0:00:08.660, 8.660,12.000857,0.712375,0.044,0.053,0.002,1.588,34.742188,0.0015891119,0.019070432,8.5491105
0:00:08.680, 8.680,12.000838,0.65789,0.034,0.049,0.001,1.588,34.742188,0.0015927669,0.019114295,7.8952313
0:00:08.700, 8.700,12.000916,0.6325,0.039,0.052,0.001,1.588,34.742188,0.0015962808,0.019156464,7.5905794
0:00:08.720, 8.720,12.001189,0.683444,0.036,0.055,0.003,1.587,34.742188,0.0016000777,0.019202032,8.2021406
0:00:08.740, 8.740,12.000584,0.637775,0.033,0.045,0.002,1.589,34.742188,0.0016036209,0.019244552,7.6536725
0:00:08.760, 8.760,12.000232,0.64594,0.035,0.05,0.001,1.587,34.742188,0.0016072094,0.019287616,7.7514299
0:00:08.780, 8.780,12.000252,0.651456,0.036,0.048,0.002,1.59,34.742188,0.0016108286,0.019331047,7.8176362
0:00:08.800, 8.800,12.000232,0.69523,0.018,0.032,0.003,1.59,34.742188,0.001614691,0.019377397,8.3429213
0:00:08.820, 8.820,12.000154,0.668726,0.028,0.048,0.004,1.59,34.742188,0.0016184062,0.019421979,8.024815
0:00:08.840, 8.840,12.000232,0.669003,0.035,0.05,0.003,1.588,34.742188,0.0016221228,0.01946658,8.0281912
0:00:08.860, 8.860,12.000213,0.661753,0.034,0.048,0.003,1.589,34.742188,0.0016257992,0.019510698,7.941177
0:00:08.880, 8.880,11.9999,0.669329,0.045,0.055,0.003,1.588,34.742188,0.0016295177,0.019555319,8.0318811
0:00:08.900, 8.900,12.000349,0.702971,0.022,0.037,0.004,1.591,34.742188,0.0016334231,0.019602185,8.4358973
0:00:08.920, 8.920,12.000252,0.659463,0.017,0.032,0.001,1.588,34.742188,0.0016370868,0.01964615,7.9137222
0:00:08.940, 8.940,12.000252,0.655295,0.04,0.053,0.002,1.589,34.742188,0.0016407273,0.019689838,7.8637051
0:00:08.960, 8.960,12.000349,0.660618,0.037,0.051,0.003,1.589,34.742188,0.0016443974,0.01973388,7.9276466
0:00:08.980, 8.980,12.000525,0.660739,0.036,0.049,0.003,1.589,34.734375,0.0016480682,0.019777931,7.9292149
0:00:09.000, 9.000,11.999998,0.644254,0.037,0.05,0.002,1.59,34.734375,0.0016516474,0.019820882,7.7310467
0:00:09.020, 9.020,11.99992,0.626767,0.04,0.055,0.003,1.587,34.734375,0.0016551294,0.019862666,7.5211539
0:00:09.040, 9.040,11.999998,0.6888,0.033,0.043,0.003,1.588,34.734375,0.0016589561,0.019908586,8.2655986
0:00:09.060, 9.060,12.000056,0.665555,0.033,0.05,0.003,1.588,34.734375,0.0016626536,0.019952956,7.9866973
0:00:09.080, 9.080,12.000213,0.631297,0.017,0.033,0.001,1.589,34.734375,0.0016661608,0.019995044,7.5756985
0:00:09.100, 9.100,12.000603,0.653806,0.037,0.059,0.004,1.589,34.734375,0.0016697931,0.020038633,7.8460662
0:00:09.120, 9.120,12.000427,0.645903,0.02,0.035,0.004,1.59,34.734375,0.0016733814,0.020081695,7.7511118
0:00:09.140, 9.140,12.000154,0.658948,0.036,0.05,0.003,1.589,34.734375,0.0016770423,0.020125625,7.9074775
0:00:09.160, 9.160,12.00031,0.672283,0.043,0.056,0.003,1.589,34.734375,0.0016807772,0.020170445,8.0676044
0:00:09.180, 9.180,12.000369,0.690148,0.022,0.039,0.003,1.59,34.734375,0.0016846113,0.020216456,8.2820307
0:00:09.200, 9.200,12.000369,0.664597,0.045,0.056,0.004,1.589,34.734375,0.0016883035,0.020260764,7.9754092
0:00:09.220, 9.220,12.000486,0.650587,0.035,0.051,0.003,1.586,34.734375,0.0016919179,0.020304138,7.8073602
0:00:09.240, 9.240,12.000584,0.664577,0.017,0.034,0.003,1.589,34.734375,0.00169561,0.020348446,7.9753121
0:00:09.260, 9.260,12.000193,0.640347,0.038,0.051,0.002,1.587,34.734375,0.0016991675,0.020391136,7.6842876
0:00:09.280, 9.280,12.000291,0.70852,0.033,0.046,0.003,1.589,34.734375,0.0017031037,0.020438372,8.5024462
0:00:09.300, 9.300,12.000388,0.659049,0.04,0.051,0.002,1.587,34.734375,0.0017067651,0.02048231,7.9088437
0:00:09.320, 9.320,12.00033,0.649718,0.033,0.048,0.002,1.589,34.734375,0.0017103746,0.020525626,7.7968304
0:00:09.340, 9.340,12.000486,0.675558,0.035,0.046,0.002,1.589,34.734375,0.0017141277,0.020570665,8.1070243
0:00:09.360, 9.360,12.000369,0.658123,0.025,0.051,0.006,1.59,34.734375,0.001717784,0.020614541,7.8977188
0:00:09.380, 9.380,12.000388,0.704621,0.043,0.054,0.003,1.588,34.734375,0.0017216985,0.020661517,8.4557254
0:00:09.400, 9.400,12.000623,0.683807,0.041,0.053,0.003,1.59,34.734375,0.0017254975,0.020707107,8.20611
0:00:09.420, 9.420,12.000681,0.663845,0.034,0.049,0.002,1.587,34.742188,0.0017291855,0.020751365,7.9665921
0:00:09.440, 9.440,12.000623,0.663402,0.036,0.049,0.002,1.587,34.742188,0.0017328711,0.020795595,7.9612373
0:00:09.460, 9.460,12.000877,0.663217,0.04,0.055,0.002,1.59,34.742188,0.0017365556,0.020839812,7.9591856
0:00:09.480, 9.480,12.000701,0.644833,0.033,0.048,0.003,1.59,34.742188,0.001740138,0.020882804,7.738448
0:00:09.500, 9.500,12.000369,0.641771,0.038,0.051,0.002,1.589,34.742188,0.0017437034,0.02092559,7.7014888
0:00:09.520, 9.520,12.000388,0.690804,0.037,0.042,0.002,1.59,34.742188,0.0017475412,0.020971645,8.289916
0:00:09.540, 9.540,12.000564,0.697479,0.034,0.029,0.003,1.588,34.742188,0.0017514161,0.021018146,8.3701414
0:00:09.560, 9.560,12.00074,0.648965,0.033,0.048,0.003,1.588,34.742188,0.0017550214,0.021061413,7.7880602
0:00:09.580, 9.580,12.000701,0.656136,0.044,0.052,0.003,1.589,34.742188,0.0017586666,0.021105157,7.874092
0:00:09.600, 9.600,12.000545,0.643336,0.037,0.052,0.002,1.589,34.742188,0.0017622407,0.021148048,7.7203826
0:00:09.620, 9.620,12.000056,0.649521,0.04,0.048,0.003,1.586,34.742188,0.0017658492,0.02119135,7.7942884
0:00:09.640, 9.640,12.00033,0.691242,0.019,0.037,0.004,1.59,34.734375,0.0017696894,0.021237434,8.2951321
0:00:09.660, 9.660,12.000369,0.654204,0.036,0.05,0.003,1.588,34.734375,0.0017733239,0.021281049,7.8506894
0:00:09.680, 9.680,12.000545,0.64402,0.043,0.055,0.003,1.587,34.734375,0.0017769018,0.021323986,7.728591
0:00:09.700, 9.700,12.000955,0.672053,0.039,0.053,0.002,1.588,34.734375,0.0017806354,0.021368793,8.0652778
0:00:09.720, 9.720,12.000662,0.664477,0.033,0.051,0.003,1.588,34.734375,0.0017843269,0.021413094,7.9741639
0:00:09.740, 9.740,12.000486,0.684965,0.033,0.027,0.003,1.589,34.734375,0.0017881323,0.02145876,8.2199129
0:00:09.760, 9.760,12.000564,0.661423,0.022,0.051,0.003,1.589,34.734375,0.0017918069,0.021502857,7.937449
0:00:09.780, 9.780,12.000623,0.650848,0.041,0.054,0.003,1.589,34.734375,0.0017954227,0.021546249,7.8105815
0:00:09.800, 9.800,12.000896,0.665978,0.045,0.057,0.003,1.588,34.734375,0.0017991226,0.021590651,7.9923327
0:00:09.820, 9.820,12.001033,0.654409,0.04,0.051,0.003,1.589,34.734375,0.0018027582,0.021634282,7.853584
0:00:09.840, 9.840,12.000564,0.640258,0.035,0.049,0.003,1.588,34.734375,0.0018063152,0.021676968,7.6834571
0:00:09.860, 9.860,12.000584,0.680495,0.034,0.048,0.003,1.589,34.734375,0.0018100957,0.021722336,8.1663374
0:00:09.880, 9.880,12.000564,0.661278,0.032,0.047,0.003,1.588,34.734375,0.0018137695,0.021766423,7.935709
0:00:09.900, 9.900,12.000564,0.665318,0.033,0.048,0.002,1.588,34.734375,0.0018174657,0.02181078,7.9841912
0:00:09.920, 9.920,12.000564,0.63452,0.035,0.048,0.002,1.587,34.734375,0.0018209908,0.021853083,7.6145979
0:00:09.940, 9.940,12.000798,0.650764,0.036,0.025,0.002,1.588,34.734375,0.0018246061,0.021896471,7.8096873
0:00:09.960, 9.960,12.000935,0.661728,0.033,0.049,0.002,1.587,34.742188,0.0018282824,0.021940589,7.9413547
0:00:09.980, 9.980,12.00031,0.635965,0.019,0.033,0.002,1.587,34.742188,0.0018318155,0.021982988,7.6317771
0:00:10.000,10.000,12.000369,0.650905,0.038,0.048,0.001,1.587,34.742188,0.0018354317,0.022026383,7.8111002
0:00:10.020,10.020,12.00033,0.660602,0.034,0.047,0.003,1.589,34.742188,0.0018391017,0.022070424,7.927442
0:00:10.040,10.040,12.000466,0.692317,0.033,0.051,0.003,1.588,34.742188,0.0018429479,0.022116581,8.3081266
0:00:10.060,10.060,12.000466,0.654003,0.038,0.049,0.003,1.589,34.742188,0.0018465812,0.022160182,7.8483408
0:00:10.080,10.080,12.000505,0.654578,0.011,0.026,0.002,1.587,34.742188,0.0018502178,0.022203823,7.8552666
0:00:10.100,10.100,12.000701,0.667523,0.017,0.034,0.003,1.589,34.742188,0.0018539262,0.022248327,8.0107439
0:00:10.120,10.120,12.000896,0.655138,0.035,0.048,0.003,1.589,34.742188,0.0018575659,0.022292006,7.862243
0:00:10.140,10.140,12.000545,0.63209,0.018,0.031,0.001,1.589,34.742188,0.0018610775,0.022334147,7.5854245
0:00:10.160,10.160,12.000584,0.632971,0.034,0.049,0.001,1.589,34.742188,0.001864594,0.022376347,7.5960217
0:00:10.180,10.180,12.000798,0.689323,0.025,0.049,0.005,1.589,34.75,0.0018684236,0.022422305,8.2724261
0:00:10.200,10.200,12.00115,0.666718,0.033,0.05,0.002,1.588,34.75,0.0018721276,0.022466757,8.0013827
0:00:10.220,10.220,12.000955,0.650394,0.022,0.032,0.003,1.588,34.75,0.0018757409,0.022510121,7.8053491
0:00:10.240,10.240,12.001091,0.646752,0.022,0.047,0.004,1.588,34.75,0.0018793339,0.022553241,7.7617296
0:00:10.260,10.260,12.001228,0.66335,0.018,0.036,0.005,1.589,34.75,0.0018830192,0.022597469,7.9610146
0:00:10.280,10.280,12.001423,0.677336,0.032,0.052,0.003,1.587,34.75,0.0018867822,0.02264263,8.1289958
0:00:10.300,10.300,12.000877,0.621958,0.035,0.047,0.003,1.588,34.75,0.0018902375,0.022684097,7.4640415
0:00:10.320,10.320,12.000935,0.64466,0.012,0.029,0.003,1.588,34.75,0.001893819,0.022727078,7.7365228
0:00:10.340,10.340,12.000818,0.661765,0.042,0.055,0.003,1.589,34.75,0.0018974954,0.022771198,7.9417213
0:00:10.360,10.360,12.000877,0.672041,0.035,0.048,0.003,1.588,34.75,0.001901229,0.022816004,8.0650814
0:00:10.380,10.380,12.000779,0.66036,0.021,0.036,0.003,1.59,34.75,0.0019048977,0.022860031,7.9248344
0:00:10.400,10.400,12.000818,0.662219,0.022,0.029,0.002,1.588,34.734375,0.0019085767,0.022904182,7.9471697
0:00:10.420,10.420,12.001072,0.662429,0.032,0.045,0.004,1.59,34.734375,0.0019122568,0.022948348,7.9498581
0:00:10.440,10.440,12.001091,0.662268,0.035,0.05,0.003,1.589,34.734375,0.0019159361,0.022992503,7.9479385
0:00:10.460,10.460,12.000584,0.646036,0.047,0.057,0.004,1.589,34.734375,0.0019195252,0.023035574,7.7528093
0:00:10.480,10.480,12.000564,0.649295,0.037,0.049,0.002,1.59,34.734375,0.0019231324,0.023078863,7.7919062
0:00:10.500,10.500,12.000545,0.702694,0.038,0.055,0.002,1.588,34.734375,0.0019270362,0.023125711,8.432711
0:00:10.520,10.520,12.000447,0.665265,0.038,0.051,0.003,1.588,34.734375,0.0019307321,0.023170064,7.9834774
0:00:10.540,10.540,12.000447,0.640343,0.035,0.048,0.002,1.589,34.734375,0.0019342896,0.023212755,7.6844022
0:00:10.560,10.560,12.000838,0.675196,0.034,0.051,0.003,1.59,34.734375,0.0019380407,0.023257771,8.1029178
0:00:10.580,10.580,12.000877,0.658324,0.032,0.049,0.002,1.589,34.734375,0.0019416981,0.023301663,7.9004654
0:00:10.600,10.600,12.00031,0.643706,0.035,0.048,0.003,1.588,34.734375,0.0019452742,0.023344578,7.7246715
0:00:10.620,10.620,12.000349,0.643413,0.034,0.043,0.002,1.589,34.71875,0.0019488487,0.023387473,7.7211806
0:00:10.640,10.640,12.000369,0.681308,0.025,0.04,0.004,1.591,34.71875,0.0019526338,0.023432895,8.1759474
0:00:10.660,10.660,12.000466,0.662079,0.02,0.035,0.005,1.591,34.71875,0.001956312,0.023477035,7.9452565
0:00:10.680,10.680,12.000486,0.63205,0.029,0.03,0.003,1.589,34.71875,0.0019598234,0.023519174,7.5849072
0:00:10.700,10.700,12.000701,0.660912,0.033,0.048,0.004,1.591,34.71875,0.0019634951,0.023563237,7.9314073
0:00:10.720,10.720,12.000994,0.664996,0.03,0.052,0.003,1.589,34.71875,0.0019671895,0.023607574,7.980613
0:00:10.740,10.740,12.000955,0.676524,0.036,0.055,0.003,1.587,34.71875,0.001970948,0.023652679,8.1189341
0:00:10.760,10.760,12.000603,0.704106,0.032,0.055,0.005,1.589,34.71875,0.0019748597,0.023699622,8.4496966
0:00:10.780,10.780,12.000798,0.647613,0.042,0.055,0.001,1.589,34.71875,0.0019784575,0.023742799,7.7718728
0:00:10.800,10.800,12.001033,0.668967,0.033,0.045,0.002,1.589,34.71875,0.001982174,0.0237874,8.028295
0:00:10.820,10.820,12.001189,0.668146,0.039,0.054,0.003,1.587,34.71875,0.0019858859,0.023831948,8.0185464
0:00:10.840,10.840,12.000486,0.640009,0.038,0.048,0.003,1.589,34.726563,0.0019894415,0.023874617,7.680419
0:00:10.860,10.860,12.000564,0.652989,0.033,0.048,0.001,1.589,34.726563,0.0019930693,0.023918151,7.8362363
0:00:10.880,10.880,12.00072,0.693701,0.036,0.052,0.001,1.587,34.726563,0.0019969232,0.023964401,8.3249115
0:00:10.900,10.900,12.000759,0.641622,0.04,0.053,0.002,1.588,34.726563,0.0020004877,0.024007178,7.699951
0:00:10.920,10.920,12.000759,0.650394,0.036,0.049,0.002,1.587,34.726563,0.002004101,0.024050541,7.8052216
0:00:10.940,10.940,12.000896,0.619705,0.037,0.052,0.002,1.59,34.726563,0.0020075438,0.024091858,7.4370153
0:00:10.960,10.960,12.00115,0.660043,0.039,0.051,0.002,1.588,34.726563,0.0020112107,0.024135865,7.921275
0:00:10.980,10.980,12.001326,0.660091,0.034,0.05,0.002,1.588,34.726563,0.0020148779,0.024179876,7.9219673
0:00:11.000,11.000,12.000955,0.640145,0.037,0.051,0.003,1.588,34.726563,0.0020184343,0.024222555,7.6823513
0:00:11.020,11.020,12.000955,0.649991,0.034,0.05,0.003,1.587,34.726563,0.0020220453,0.024265891,7.8005127
0:00:11.040,11.040,12.00115,0.688188,0.034,0.047,0.002,1.588,34.726563,0.0020258686,0.024311775,8.2590474
0:00:11.060,11.060,12.001463,0.668368,0.035,0.048,0.002,1.589,34.726563,0.0020295818,0.024356338,8.0213938
0:00:11.080,11.080,12.001209,0.653082,0.041,0.053,0.001,1.588,34.726563,0.00203321,0.024399882,7.8377736
0:00:11.100,11.100,12.00113,0.649146,0.033,0.051,0.002,1.588,34.726563,0.0020368164,0.024443162,7.7904855
0:00:11.120,11.120,12.001326,0.653013,0.039,0.052,0.002,1.589,34.726563,0.0020404442,0.024486701,7.8370219
0:00:11.140,11.140,12.001502,0.65929,0.041,0.055,0.001,1.588,34.726563,0.0020441069,0.024530659,7.9124703
0:00:11.160,11.160,12.001033,0.647127,0.035,0.048,0.003,1.588,34.726563,0.0020477021,0.024573805,7.7661925
0:00:11.180,11.180,12.000662,0.64843,0.035,0.05,0.002,1.588,34.726563,0.0020513045,0.024617036,7.7815893
0:00:11.200,11.200,12.000701,0.670307,0.037,0.048,0.002,1.589,34.726563,0.0020550284,0.024661725,8.0441539
0:00:11.220,11.220,12.001287,0.698356,0.035,0.049,0.003,1.587,34.726563,0.0020589082,0.024708288,8.3811708
0:00:11.240,11.240,12.00117,0.659013,0.036,0.048,0.003,1.588,34.726563,0.0020625693,0.024752226,7.908927
0:00:11.260,11.260,12.001209,0.637715,0.01,0.025,0.005,1.589,34.726563,0.0020661122,0.024794745,7.653351
0:00:11.280,11.280,12.001345,0.65206,0.018,0.032,0.002,1.587,34.726563,0.0020697348,0.02483822,7.825597
0:00:11.300,11.300,12.001248,0.64969,0.035,0.051,0.003,1.587,34.726563,0.0020733441,0.024881537,7.7970908
0:00:11.320,11.320,12.001091,0.643674,0.044,0.055,0.003,1.589,34.726563,0.0020769201,0.024924453,7.7247902
0:00:11.340,11.340,12.001052,0.713083,0.046,0.062,0.003,1.589,34.726563,0.0020808817,0.024971996,8.5577462
0:00:11.360,11.360,12.000955,0.653472,0.035,0.05,0.001,1.589,34.726563,0.0020845121,0.025015564,7.8422881
0:00:11.380,11.380,12.001111,0.655942,0.025,0.04,0.003,1.59,34.726563,0.0020881562,0.025059298,7.8720328
0:00:11.400,11.400,12.00074,0.647078,0.042,0.056,0.003,1.588,34.726563,0.0020917511,0.025102439,7.7654148
0:00:11.420,11.420,12.000388,0.664839,0.034,0.049,0.002,1.589,34.726563,0.0020954446,0.025146763,7.978326
0:00:11.440,11.440,12.000584,0.683569,0.033,0.049,0.002,1.589,34.726563,0.0020992422,0.025192336,8.2032272
0:00:11.460,11.460,12.000759,0.658811,0.036,0.05,0.002,1.588,34.726563,0.0021029023,0.02523626,7.906232
0:00:11.480,11.480,12.000759,0.633933,0.033,0.048,0.003,1.588,34.726563,0.0021064241,0.025278525,7.6076772
0:00:11.500,11.500,12.000857,0.656771,0.024,0.032,0.003,1.588,34.710938,0.0021100729,0.025322313,7.8818149
0:00:11.520,11.520,12.001091,0.665185,0.019,0.025,0.003,1.589,34.710938,0.0021137683,0.025366662,7.9829457
0:00:11.540,11.540,12.000623,0.660562,0.033,0.048,0.003,1.589,34.710938,0.0021174381,0.025410702,7.9271555
0:00:11.560,11.560,12.000623,0.67695,0.018,0.029,0.003,1.587,34.710938,0.002121199,0.025455834,8.1238217
0:00:11.580,11.580,12.000759,0.676137,0.04,0.056,0.002,1.589,34.710938,0.0021249553,0.025500913,8.1141572
0:00:11.600,11.600,12.000896,0.65212,0.038,0.054,0.002,1.588,34.710938,0.0021285782,0.025544391,7.8260243
0:00:11.620,11.620,12.001033,0.65855,0.037,0.05,0.002,1.59,34.710938,0.0021322368,0.025588298,7.9032803
0:00:11.640,11.640,12.001404,0.669897,0.036,0.046,0.002,1.588,34.710938,0.0021359584,0.025632963,8.0397045
0:00:11.660,11.660,12.001326,0.654079,0.041,0.053,0.003,1.585,34.710938,0.0021395922,0.025676573,7.8498153
0:00:11.680,11.680,12.000955,0.645095,0.04,0.053,0.003,1.589,34.710938,0.0021431761,0.025719583,7.7417561
0:00:11.700,11.700,12.000994,0.670375,0.033,0.047,0.003,1.588,34.710938,0.0021469004,0.025764278,8.0451664
0:00:11.720,11.720,12.00115,0.678008,0.018,0.036,0.003,1.588,34.734375,0.0021506671,0.025809483,8.1368757
0:00:11.740,11.740,12.00115,0.67598,0.034,0.042,0.003,1.588,34.734375,0.0021544225,0.025854553,8.1125374
0:00:11.760,11.760,12.001111,0.64091,0.033,0.048,0.002,1.588,34.734375,0.0021579831,0.025897284,7.6916321
0:00:11.780,11.780,12.001326,0.59953,0.033,0.047,0.002,1.586,34.734375,0.0021613139,0.025937257,7.195155
0:00:11.800,11.800,12.003943,0.342895,0.034,0.047,0.001,1.586,34.734375,0.0021632188,0.025960124,4.116092
0:00:11.820,11.820,12.00656,0.317449,0.033,0.049,0.002,1.588,34.734375,0.0021649824,0.025981299,3.8114705
0:00:11.840,11.840,12.008396,0.317191,0.034,0.047,0.001,1.588,34.734375,0.0021667446,0.02600246,3.8089551
0:00:11.860,11.860,12.00988,0.316825,0.033,0.048,0.001,1.587,34.734375,0.0021685047,0.026023599,3.8050302
0:00:11.880,11.880,12.011091,0.316415,0.033,0.047,0.002,1.588,34.734375,0.0021702626,0.026044713,3.8004894
0:00:11.900,11.900,12.012224,0.315984,0.033,0.046,0.002,1.588,34.734375,0.0021720181,0.0260658,3.7956706
0:00:11.920,11.920,12.013259,0.315562,0.032,0.048,0.002,1.589,34.726563,0.0021737712,0.026086861,3.790928
0:00:11.940,11.940,12.014216,0.31518,0.033,0.046,0.002,1.587,34.726563,0.0021755222,0.026107898,3.7866406
0:00:11.960,11.960,12.015076,0.314834,0.033,0.046,0.002,1.587,34.726563,0.0021772713,0.026128913,3.7827544
0:00:11.980,11.980,12.015857,0.314548,0.032,0.049,0.001,1.588,34.726563,0.0021790188,0.02614991,3.7795638
0:00:12.000,12.000,12.016541,0.314242,0.033,0.046,0.001,1.589,34.726563,0.0021807646,0.026170889,3.7761019
0:00:12.020,12.020,12.017263,0.313956,0.032,0.05,0.002,1.587,34.726563,0.0021825088,0.026191849,3.7728918
0:00:12.040,12.040,12.017908,0.313715,0.033,0.047,0.002,1.587,34.726563,0.0021842516,0.026212795,3.770198
0:00:12.060,12.060,12.018474,0.313538,0.033,0.049,0.002,1.587,34.726563,0.0021859935,0.02623373,3.7682483
0:00:12.080,12.080,12.019021,0.313321,0.032,0.048,0.002,1.587,34.726563,0.0021877342,0.026254651,3.7658117
0:00:12.100,12.100,12.019509,0.313128,0.034,0.047,0.001,1.587,34.726563,0.0021894738,0.02627556,3.7636448
0:00:12.120,12.120,12.019959,0.312946,0.032,0.049,0.002,1.585,34.726563,0.0021912124,0.026296458,3.7615981
0:00:12.140,12.140,12.020369,0.312745,0.033,0.046,0.001,1.586,34.726563,0.0021929498,0.026317343,3.7593103
0:00:12.160,12.160,12.020798,0.312572,0.032,0.048,0.002,1.586,34.726563,0.0021946863,0.026338217,3.7573649
0:00:12.180,12.180,12.02117,0.312452,0.033,0.045,0.001,1.586,34.726563,0.0021964222,0.026359084,3.7560386
0:00:12.200,12.200,12.02156,0.312335,0.033,0.05,0.002,1.587,34.726563,0.0021981574,0.026379944,3.7547539
0:00:12.220,12.220,12.021912,0.312226,0.032,0.046,0.002,1.588,34.726563,0.002199892,0.026400797,3.7535535
0:00:12.240,12.240,12.022166,0.312234,0.034,0.049,0.002,1.587,34.726563,0.0022016266,0.026421651,3.753729
0:00:12.260,12.260,12.022459,0.31227,0.033,0.046,0.002,1.588,34.71875,0.0022033614,0.026442508,3.7542533
0:00:12.280,12.280,12.022713,0.31219,0.034,0.049,0.001,1.586,34.71875,0.0022050958,0.02646336,3.7533708
0:00:12.300,12.300,12.022966,0.312017,0.032,0.049,0.003,1.587,34.71875,0.0022068292,0.026484201,3.7513698
0:00:12.320,12.320,12.023162,0.311828,0.034,0.047,0.002,1.587,34.71875,0.0022085616,0.026505029,3.7491586
0:00:12.340,12.340,12.023357,0.311707,0.032,0.049,0.001,1.587,34.71875,0.0022102933,0.02652585,3.7477645
0:00:12.360,12.360,12.023552,0.320298,0.031,0.044,0.001,1.587,34.71875,0.0022120728,0.026547245,3.8511197
0:00:12.380,12.380,12.023591,0.310214,0.033,0.048,0.001,1.588,34.71875,0.0022137962,0.026567967,3.7298863
0:00:12.400,12.400,12.023748,0.310178,0.033,0.048,0.002,1.589,34.71875,0.0022155194,0.026588686,3.7295021
0:00:12.420,12.420,12.023884,0.310222,0.033,0.047,0.002,1.588,34.71875,0.0022172428,0.026609409,3.7300733
0:00:12.440,12.440,12.024002,0.310303,0.032,0.048,0.002,1.586,34.71875,0.0022189668,0.026630137,3.7310839
0:00:12.460,12.460,12.024138,0.310399,0.033,0.048,0.002,1.587,34.71875,0.0022206912,0.026650872,3.7322804
0:00:12.480,12.480,12.024255,0.310416,0.033,0.049,0.002,1.588,34.71875,0.0022224157,0.026671608,3.7325211
0:00:12.500,12.500,12.024392,0.310448,0.033,0.046,0.002,1.587,34.71875,0.0022241404,0.026692347,3.7329484
0:00:12.520,12.520,12.024509,0.310464,0.033,0.049,0.001,1.586,34.71875,0.0022258652,0.026713087,3.7331772
0:00:12.540,12.540,12.024588,0.310408,0.033,0.046,0.001,1.586,34.71875,0.0022275897,0.026733823,3.7325283
0:00:12.560,12.560,12.024588,0.310412,0.032,0.046,0.001,1.589,34.71875,0.0022293142,0.02675456,3.7325764
0:00:12.580,12.580,12.024724,0.310391,0.032,0.047,0.001,1.589,34.71875,0.0022310386,0.026775295,3.7323661
0:00:12.600,12.600,12.024783,0.310379,0.032,0.045,0.001,1.586,34.71875,0.002232763,0.02679603,3.7322401
0:00:12.620,12.620,12.024783,0.310335,0.033,0.05,0.002,1.587,34.71875,0.002234487,0.026816761,3.731711
0:00:12.640,12.640,12.024822,0.310351,0.033,0.047,0.001,1.586,34.71875,0.0022362112,0.026837494,3.7319155
0:00:12.660,12.660,12.02492,0.310424,0.032,0.048,0.001,1.586,34.71875,0.0022379358,0.026858232,3.7328238
0:00:12.680,12.680,12.024978,0.310472,0.032,0.046,0.002,1.588,34.71875,0.0022396606,0.026878973,3.733419
0:00:12.700,12.700,12.025134,0.310464,0.032,0.049,0.001,1.587,34.710938,0.0022413854,0.026899714,3.7333712
0:00:12.720,12.720,12.025173,0.310432,0.032,0.046,0.002,1.586,34.710938,0.0022431101,0.026920453,3.7329985
0:00:12.740,12.740,12.025076,0.310548,0.034,0.051,0.002,1.587,34.710938,0.0022448353,0.0269412,3.7343633
0:00:12.760,12.760,12.024998,0.311003,0.033,0.045,0.001,1.587,34.710938,0.0022465631,0.026961976,3.7398105
0:00:12.780,12.780,12.025154,0.323823,0.033,0.044,0.003,1.587,34.710938,0.0022483621,0.02698361,3.8940214
0:00:12.800,12.800,12.024724,0.369862,0.032,0.049,0.002,1.588,34.710938,0.0022504169,0.027008318,4.4474885
0:00:12.820,12.820,12.024275,0.362446,0.033,0.046,0.002,1.588,34.710938,0.0022524305,0.02703253,4.3581504
0:00:12.840,12.840,12.024021,0.353815,0.033,0.047,0.001,1.588,34.710938,0.0022543961,0.027056165,4.254279
0:00:12.860,12.860,12.024412,0.319666,0.034,0.048,0.002,1.587,34.710938,0.0022561721,0.027077519,3.8437957
0:00:12.880,12.880,12.024705,0.319026,0.033,0.048,0.002,1.588,34.710938,0.0022579444,0.027098831,3.8361935
0:00:12.900,12.900,12.024783,0.318539,0.032,0.045,0.001,1.588,34.710938,0.0022597141,0.027120111,3.8303624
0:00:12.920,12.920,12.0249,0.317976,0.033,0.049,0.001,1.586,34.703125,0.0022614806,0.027141354,3.8236296
0:00:12.940,12.940,12.024978,0.317377,0.032,0.047,0.001,1.587,34.703125,0.0022632438,0.027162556,3.8164514
0:00:12.960,12.960,12.024978,0.316882,0.033,0.047,0.002,1.587,34.703125,0.0022650043,0.027183726,3.8104991
0:00:12.980,12.980,12.024978,0.316443,0.032,0.047,0.002,1.588,34.703125,0.0022667623,0.027204866,3.8052201
0:00:13.000,13.000,12.025154,0.316037,0.033,0.047,0.001,1.588,34.703125,0.0022685181,0.027225979,3.8003936
0:00:13.020,13.020,12.025173,0.315594,0.032,0.048,0.002,1.587,34.703125,0.0022702714,0.027247063,3.7950724
0:00:13.040,13.040,12.025173,0.315164,0.034,0.047,0.002,1.587,34.703125,0.0022720223,0.027268118,3.7899016
0:00:13.060,13.060,12.025173,0.314761,0.033,0.048,0,1.587,34.703125,0.002273771,0.027289146,3.7850555
0:00:13.080,13.080,12.025213,0.314399,0.033,0.045,0.001,1.586,34.703125,0.0022755176,0.02731015,3.7807149
0:00:13.100,13.100,12.025369,0.314029,0.032,0.046,0.001,1.587,34.703125,0.0022772622,0.027331129,3.7763146
0:00:13.120,13.120,12.025369,0.313751,0.033,0.044,0.002,1.587,34.703125,0.0022790053,0.02735209,3.7729715
0:00:13.140,13.140,12.025369,0.313474,0.032,0.049,0.001,1.587,34.710938,0.0022807468,0.027373033,3.7696405
0:00:13.160,13.160,12.025369,0.313256,0.033,0.045,0.001,1.588,34.710938,0.0022824871,0.027393961,3.767019
0:00:13.180,13.180,12.025369,0.313087,0.034,0.048,0.001,1.588,34.710938,0.0022842265,0.027414877,3.7649867
0:00:13.200,13.200,12.025369,0.312842,0.032,0.048,0.002,1.589,34.710938,0.0022859645,0.027435777,3.7620405
0:00:13.220,13.220,12.025369,0.31252,0.033,0.046,0.001,1.587,34.710938,0.0022877007,0.027456656,3.7581683
0:00:13.240,13.240,12.025466,0.312295,0.033,0.048,0.002,1.588,34.710938,0.0022894357,0.02747752,3.7554929
0:00:13.260,13.260,12.025564,0.312069,0.032,0.045,0.001,1.587,34.710938,0.0022911694,0.027498369,3.7528057
0:00:13.280,13.280,12.025564,0.31192,0.032,0.048,0.002,1.587,34.710938,0.0022929023,0.027519208,3.7510139
0:00:13.300,13.300,12.025564,0.311659,0.033,0.045,0.001,1.59,34.710938,0.0022946337,0.027540029,3.7478753
0:00:13.320,13.320,12.025564,0.311417,0.032,0.049,0.001,1.588,34.710938,0.0022963638,0.027560835,3.7449651
0:00:13.340,13.340,12.025564,0.31114,0.033,0.046,0.001,1.587,34.710938,0.0022980924,0.027581622,3.741634
0:00:13.360,13.360,12.025564,0.310886,0.032,0.048,0.002,1.589,34.726563,0.0022998195,0.027602391,3.7385795
0:00:13.380,13.380,12.025662,0.310669,0.033,0.046,0.002,1.587,34.726563,0.0023015455,0.027623147,3.7360004
0:00:13.400,13.400,12.025759,0.310484,0.031,0.048,0.001,1.588,34.726563,0.0023032704,0.02764389,3.7338058
0:00:13.420,13.420,12.025759,0.310267,0.031,0.045,0.002,1.587,34.726563,0.0023049941,0.027664619,3.7311962
0:00:13.440,13.440,12.025798,0.310118,0.033,0.051,0.001,1.587,34.726563,0.002306717,0.027685338,3.7294164
0:00:13.460,13.460,12.025857,0.310082,0.033,0.046,0.002,1.587,34.726563,0.0023084396,0.027706055,3.7290018
0:00:13.480,13.480,12.025955,0.309969,0.033,0.046,0.001,1.586,34.726563,0.0023101617,0.027726764,3.7276732
0:00:13.500,13.500,12.025955,0.309792,0.032,0.045,0.002,1.588,34.726563,0.0023118828,0.027747462,3.7255447
0:00:13.520,13.520,12.025955,0.309611,0.033,0.05,0.002,1.586,34.726563,0.0023136028,0.027768147,3.723368
0:00:13.540,13.540,12.025955,0.309446,0.032,0.047,0.002,1.588,34.726563,0.002315322,0.027788821,3.7213837
0:00:13.560,13.560,12.026052,0.309309,0.033,0.046,0.001,1.588,34.726563,0.0023170404,0.027809487,3.7197661
0:00:13.580,13.580,12.02615,0.309221,0.032,0.046,0.001,1.587,34.703125,0.0023187582,0.027830146,3.7187381
0:00:13.600,13.600,12.02613,0.309128,0.033,0.047,0.002,1.585,34.703125,0.0023204756,0.0278508,3.7176135
0:00:13.620,13.620,12.026091,0.308995,0.032,0.047,0.002,1.589,34.703125,0.0023221923,0.027871444,3.716002
0:00:13.640,13.640,12.025955,0.308911,0.033,0.045,0.001,1.586,34.703125,0.0023239084,0.027892083,3.7149498
0:00:13.660,13.660,12.026052,0.308858,0.033,0.048,0.002,1.585,34.703125,0.0023256243,0.027912718,3.7143424
0:00:13.680,13.680,12.026091,0.30875,0.033,0.045,0.002,1.587,34.703125,0.0023273396,0.027933346,3.7130556
0:00:13.700,13.700,12.02615,0.308701,0.034,0.051,0.002,1.585,34.703125,0.0023290546,0.027953971,3.7124845
0:00:13.720,13.720,12.02615,0.308714,0.032,0.045,0.002,1.587,34.703125,0.0023307697,0.027974597,3.7126409
0:00:13.740,13.740,12.026091,0.319203,0.034,0.05,0.002,1.586,34.703125,0.002332543,0.027995923,3.8387643
0:00:13.760,13.760,12.025877,0.313751,0.033,0.047,0.003,1.587,34.703125,0.0023342861,0.028016885,3.7731309
0:00:13.780,13.780,12.025935,0.30852,0.034,0.047,0.002,1.587,34.703125,0.0023360001,0.028037498,3.7102415
0:00:13.800,13.800,12.025779,0.308597,0.032,0.049,0.002,1.587,34.703125,0.0023377145,0.028058115,3.7111193
0:00:13.820,13.820,12.025935,0.308528,0.033,0.046,0.001,1.586,34.703125,0.0023394286,0.028078728,3.7103377
0:00:13.840,13.840,12.025916,0.32266,0.033,0.048,0.001,1.588,34.703125,0.0023412211,0.028100285,3.8802821
0:00:13.860,13.860,12.02574,0.32639,0.032,0.048,0.002,1.587,34.703125,0.0023430344,0.028122091,3.9250813
0:00:13.880,13.880,12.025759,0.31792,0.033,0.045,0.001,1.588,34.703125,0.0023448006,0.028143331,3.8232293
0:00:13.900,13.900,12.025759,0.313731,0.033,0.051,0.001,1.586,34.71875,0.0023465436,0.028164291,3.7728534
0:00:13.920,13.920,12.025759,0.313558,0.032,0.048,0.002,1.587,34.71875,0.0023482855,0.02818524,3.7707729
0:00:13.940,13.940,12.025759,0.313337,0.033,0.047,0.002,1.588,34.71875,0.0023500263,0.028206174,3.7681152
0:00:13.960,13.960,12.025877,0.312926,0.032,0.05,0.002,1.587,34.71875,0.0023517648,0.028227081,3.7632096
0:00:13.980,13.980,12.025955,0.312556,0.033,0.044,0.001,1.588,34.71875,0.0023535012,0.028247963,3.7587844
0:00:14.000,14.000,12.025955,0.312206,0.033,0.047,0.001,1.587,34.71875,0.0023552357,0.028268822,3.7545753
0:00:14.020,14.020,12.025857,0.311888,0.031,0.048,0.002,1.588,34.71875,0.0023569684,0.028289659,3.7507205
0:00:14.040,14.040,12.025955,0.31157,0.033,0.045,0.001,1.588,34.71875,0.0023586993,0.028310475,3.7469268
0:00:14.060,14.060,12.025955,0.311329,0.033,0.05,0.001,1.587,34.71875,0.002360429,0.028331276,3.7440285
0:00:14.080,14.080,12.025935,0.311059,0.032,0.046,0.001,1.588,34.71875,0.0023621571,0.028352058,3.7407753
0:00:14.100,14.100,12.025955,0.31077,0.032,0.047,0.002,1.587,34.71875,0.0023638836,0.02837282,3.737306
0:00:14.120,14.120,12.025955,0.310552,0.032,0.046,0.001,1.588,34.71875,0.0023656088,0.028393569,3.7346844
0:00:14.140,14.140,12.025955,0.310335,0.033,0.045,0.001,1.589,34.71875,0.0023673329,0.028414302,3.7320747
0:00:14.160,14.160,12.025955,0.31013,0.033,0.049,0.002,1.586,34.71875,0.0023690559,0.028435022,3.7296094
0:00:14.180,14.180,12.025955,0.309953,0.032,0.045,0.002,1.586,34.71875,0.0023707778,0.028455731,3.7274808
0:00:14.200,14.200,12.025955,0.309812,0.033,0.048,0.003,1.588,34.71875,0.002372499,0.028476429,3.7257852
0:00:14.220,14.220,12.025955,0.309687,0.033,0.048,0.001,1.586,34.71875,0.0023742195,0.02849712,3.7242819
0:00:14.240,14.240,12.025955,0.309542,0.033,0.044,0.002,1.588,34.71875,0.0023759392,0.028517801,3.7225382
0:00:14.260,14.260,12.025955,0.309482,0.033,0.049,0.002,1.586,34.71875,0.0023776585,0.028538477,3.7218166
0:00:14.280,14.280,12.025955,0.309333,0.033,0.046,0.001,1.588,34.71875,0.002379377,0.028559144,3.7200247
0:00:14.300,14.300,12.025955,0.309164,0.033,0.046,0.001,1.588,34.71875,0.0023810946,0.0285798,3.7179924
0:00:14.320,14.320,12.025955,0.309003,0.032,0.047,0.002,1.587,34.71875,0.0023828113,0.028600445,3.7160562
0:00:14.340,14.340,12.025935,0.308842,0.032,0.045,0.002,1.589,34.710938,0.0023845271,0.028621078,3.7141138
0:00:14.360,14.360,12.025759,0.308681,0.032,0.048,0.002,1.587,34.710938,0.002386242,0.028641701,3.7121233
0:00:14.380,14.380,12.025798,0.308726,0.033,0.046,0.001,1.587,34.710938,0.0023879571,0.028662327,3.7126765
0:00:14.400,14.400,12.025916,0.308814,0.034,0.05,0.002,1.586,34.710938,0.0023896728,0.028682959,3.7137712
0:00:14.420,14.420,12.025759,0.308738,0.031,0.047,0.002,1.586,34.710938,0.002391388,0.028703586,3.7128088
0:00:14.440,14.440,12.025759,0.308943,0.033,0.045,0.002,1.587,34.710938,0.0023931043,0.028724227,3.7152741
0:00:14.460,14.460,12.025759,0.308995,0.033,0.048,0.002,1.589,34.710938,0.002394821,0.02874487,3.7158994
0:00:14.480,14.480,12.025759,0.308947,0.033,0.045,0.002,1.588,34.710938,0.0023965373,0.028765511,3.7153222
0:00:14.500,14.500,12.025759,0.308879,0.033,0.049,0.002,1.586,34.710938,0.0023982533,0.028786147,3.7145044
0:00:14.520,14.520,12.025759,0.308778,0.031,0.047,0.002,1.588,34.710938,0.0023999688,0.028806777,3.7132898
0:00:14.540,14.540,12.025759,0.308685,0.034,0.047,0,1.586,34.710938,0.0024016837,0.0288274,3.7121714
0:00:14.560,14.560,12.025759,0.308541,0.033,0.048,0.002,1.587,34.703125,0.0024033978,0.028848013,3.7104397
0:00:14.580,14.580,12.025759,0.308452,0.033,0.046,0.001,1.587,34.703125,0.0024051114,0.028868621,3.7093694
0:00:14.600,14.600,12.025759,0.308351,0.033,0.049,0.001,1.587,34.703125,0.0024068245,0.028889222,3.7081548
0:00:14.620,14.620,12.025623,0.308323,0.031,0.048,0,1.588,34.703125,0.0024085374,0.028909821,3.7077762
0:00:14.640,14.640,12.02574,0.308359,0.033,0.044,0.002,1.586,34.703125,0.0024102505,0.028930422,3.7082452
0:00:14.660,14.660,12.025759,0.308468,0.033,0.048,0.002,1.588,34.703125,0.0024119642,0.028951031,3.7095618
0:00:14.680,14.680,12.025759,0.308444,0.032,0.045,0.002,1.588,34.703125,0.0024136778,0.028971638,3.7092732
0:00:14.700,14.700,12.025759,0.308339,0.033,0.047,0.001,1.589,34.703125,0.0024153908,0.028992238,3.7080105
0:00:14.720,14.720,12.025759,0.308299,0.033,0.048,0.002,1.587,34.703125,0.0024171035,0.029012835,3.7075295
0:00:14.740,14.740,12.025759,0.308291,0.03,0.044,0.002,1.586,34.703125,0.0024188163,0.029033432,3.7074333
0:00:14.760,14.760,12.025545,0.308891,0.033,0.051,0.002,1.587,34.703125,0.0024205323,0.029054069,3.7145826
0:00:14.780,14.780,12.025564,0.309273,0.032,0.046,0.001,1.587,34.6875,0.0024222505,0.029074731,3.7191823
0:00:14.800,14.800,12.025564,0.309192,0.033,0.046,0,1.587,34.6875,0.0024239682,0.029095387,3.7182082
0:00:14.820,14.820,12.025564,0.309257,0.032,0.048,0.002,1.589,34.6875,0.0024256863,0.029116048,3.7189898
0:00:14.840,14.840,12.025564,0.30918,0.032,0.045,0.001,1.589,34.6875,0.002427404,0.029136704,3.7180639
0:00:14.860,14.860,12.025564,0.309164,0.033,0.051,0.001,1.588,34.6875,0.0024291216,0.029157359,3.7178715
0:00:14.880,14.880,12.025564,0.30912,0.033,0.045,0.002,1.587,34.6875,0.0024308389,0.029178011,3.7173423
0:00:14.900,14.900,12.025642,0.309088,0.033,0.046,0.002,1.587,34.6875,0.0024325561,0.029198661,3.7169816
0:00:14.920,14.920,12.025564,0.309104,0.033,0.051,0.002,1.587,34.6875,0.0024342733,0.029219312,3.7171499
0:00:14.940,14.940,12.025564,0.309072,0.032,0.044,0.002,1.588,34.6875,0.0024359904,0.02923996,3.7167651
0:00:14.960,14.960,12.025603,0.308995,0.032,0.048,0.001,1.588,34.6875,0.002437707,0.029260604,3.7158512
0:00:14.980,14.980,12.02572,0.308951,0.032,0.047,0.002,1.588,34.6875,0.0024394234,0.029281245,3.7153582
0:00:15.000,15.000,12.025759,0.308943,0.032,0.046,0.002,1.586,34.710938,0.0024411398,0.029301885,3.7152741
0:00:15.020,15.020,12.025759,0.308927,0.032,0.047,0.001,1.588,34.710938,0.002442856,0.029322525,3.7150817
0:00:15.040,15.040,12.025955,0.308919,0.033,0.045,0,1.589,34.710938,0.0024445722,0.029343164,3.715046
0:00:15.060,15.060,12.025955,0.308963,0.033,0.045,0.002,1.587,34.710938,0.0024462887,0.029363806,3.7155751
0:00:15.080,15.080,12.025955,0.309019,0.031,0.047,0.001,1.587,34.710938,0.0024480055,0.029384452,3.7162486
0:00:15.100,15.100,12.025955,0.309031,0.032,0.045,0.002,1.587,34.710938,0.0024497223,0.029405098,3.7163929
0:00:15.120,15.120,12.025877,0.309031,0.032,0.046,0.001,1.587,34.710938,0.0024514392,0.029425745,3.7163688
0:00:15.140,15.140,12.025877,0.309043,0.032,0.045,0.001,1.587,34.710938,0.0024531561,0.029446392,3.7165131
0:00:15.160,15.160,12.025955,0.309019,0.033,0.05,0.002,1.587,34.710938,0.0024548728,0.029467038,3.7162486
0:00:15.180,15.180,12.025798,0.309068,0.031,0.046,0.002,1.587,34.710938,0.0024565899,0.029487687,3.7167893
0:00:15.200,15.200,12.025838,0.309144,0.033,0.05,0.002,1.587,34.695313,0.0024583073,0.029508341,3.7177157
0:00:15.220,15.220,12.025955,0.309217,0.032,0.049,0.002,1.588,34.695313,0.0024600252,0.029529,3.7186297
0:00:15.240,15.240,12.025955,0.309377,0.034,0.045,0.002,1.588,34.695313,0.002461744,0.02954967,3.7205539
0:00:15.260,15.260,12.025955,0.309462,0.033,0.049,0.001,1.587,34.695313,0.0024634632,0.029570345,3.7215761
0:00:15.280,15.280,12.025955,0.309406,0.032,0.047,0.001,1.587,34.695313,0.0024651821,0.029591017,3.7209026
0:00:15.300,15.300,12.025955,0.309345,0.033,0.045,0.001,1.588,34.695313,0.0024669007,0.029611684,3.720169
0:00:15.320,15.320,12.025955,0.309285,0.032,0.05,0.002,1.588,34.695313,0.002468619,0.029632348,3.7194475
0:00:15.340,15.340,12.025955,0.309245,0.033,0.045,0.001,1.587,34.695313,0.002470337,0.029653009,3.7189665
0:00:15.360,15.360,12.025935,0.309196,0.033,0.051,0.001,1.588,34.695313,0.0024720548,0.029673666,3.718371
0:00:15.380,15.380,12.025838,0.309221,0.032,0.048,0.002,1.588,34.695313,0.0024737726,0.029694326,3.7186417
0:00:15.400,15.400,12.025759,0.309273,0.033,0.047,0.002,1.589,34.695313,0.0024754908,0.029714988,3.7192426
0:00:15.420,15.420,12.025759,0.309269,0.032,0.049,0.002,1.588,34.695313,0.002477209,0.02973565,3.7191945
0:00:15.440,15.440,12.025759,0.309229,0.033,0.045,0.002,1.586,34.695313,0.0024789269,0.02975631,3.7187134
0:00:15.460,15.460,12.025759,0.309237,0.033,0.05,0.001,1.586,34.695313,0.0024806449,0.02977697,3.7188096
0:00:15.480,15.480,12.025759,0.309217,0.032,0.046,0.002,1.588,34.695313,0.0024823628,0.029797628,3.7185691
0:00:15.500,15.500,12.025759,0.309261,0.032,0.046,0.001,1.588,34.695313,0.0024840809,0.02981829,3.7190983
0:00:15.520,15.520,12.025759,0.309317,0.033,0.05,0.001,1.587,34.695313,0.0024857993,0.029838956,3.7197717
0:00:15.540,15.540,12.025759,0.309353,0.032,0.044,0.001,1.586,34.695313,0.002487518,0.029859623,3.7202046
0:00:15.560,15.560,12.025759,0.309394,0.033,0.051,0.002,1.586,34.695313,0.0024892368,0.029880294,3.7206977
0:00:15.580,15.580,12.025759,0.309402,0.031,0.046,0.002,1.587,34.695313,0.0024909557,0.029900965,3.7207939
0:00:15.600,15.600,12.025759,0.309422,0.033,0.049,0.002,1.585,34.695313,0.0024926747,0.029921637,3.7210344
0:00:15.620,15.620,12.025759,0.309402,0.032,0.048,0.002,1.588,34.6875,0.0024943936,0.029942308,3.7207939
0:00:15.640,15.640,12.025759,0.309386,0.034,0.047,0.001,1.586,34.6875,0.0024961124,0.029962978,3.7206015
0:00:15.660,15.660,12.025759,0.309518,0.032,0.047,0.002,1.587,34.6875,0.002497832,0.029983657,3.7221889
0:00:15.680,15.680,12.025759,0.309546,0.032,0.046,0.002,1.588,34.6875,0.0024995517,0.030004338,3.7225256
0:00:15.700,15.700,12.025759,0.309518,0.033,0.048,0.002,1.587,34.6875,0.0025012712,0.030025017,3.7221889
0:00:15.720,15.720,12.025877,0.309522,0.032,0.048,0.002,1.589,34.6875,0.0025029908,0.030045696,3.7222735
0:00:15.740,15.740,12.025955,0.309538,0.033,0.049,0.002,1.587,34.6875,0.0025047104,0.030066377,3.7224901
0:00:15.760,15.760,12.025916,0.325806,0.033,0.048,0.001,1.588,34.6875,0.0025065205,0.030088144,3.9181156
0:00:15.780,15.780,12.025955,0.312826,0.033,0.046,0.001,1.585,34.6875,0.0025082584,0.030109044,3.7620314
0:00:15.800,15.800,12.025955,0.312786,0.033,0.046,0.002,1.588,34.6875,0.0025099961,0.030129942,3.7615504
0:00:15.820,15.820,12.025955,0.312608,0.032,0.048,0.002,1.588,34.6875,0.0025117328,0.030150827,3.7594097
0:00:15.840,15.840,12.025955,0.312431,0.031,0.046,0.001,1.589,34.695313,0.0025134685,0.030171701,3.7572811
0:00:15.860,15.860,12.025955,0.312295,0.033,0.048,0.002,1.587,34.695313,0.0025152035,0.030192566,3.7556456
0:00:15.880,15.880,12.025935,0.312118,0.032,0.048,0.002,1.587,34.695313,0.0025169375,0.030213418,3.7535108
0:00:15.900,15.900,12.025779,0.311933,0.033,0.045,0.002,1.587,34.695313,0.0025186705,0.030234259,3.7512373
0:00:15.920,15.920,12.025759,0.31178,0.033,0.048,0.002,1.588,34.695313,0.0025204026,0.030255089,3.7493911
0:00:15.940,15.940,12.025759,0.311723,0.032,0.048,0.002,1.587,34.695313,0.0025221344,0.030275915,3.7487057
0:00:15.960,15.960,12.025759,0.311691,0.032,0.044,0.002,1.586,34.695313,0.002523866,0.030296739,3.7483208
0:00:15.980,15.980,12.025759,0.311679,0.033,0.049,0.002,1.587,34.695313,0.0025255975,0.030317562,3.7481765
0:00:16.000,16.000,12.025759,0.311735,0.033,0.047,0.001,1.588,34.695313,0.0025273294,0.030338389,3.74885
0:00:16.020,16.020,12.025779,0.311635,0.033,0.047,0.001,1.587,34.695313,0.0025290607,0.030359209,3.7476536
0:00:16.040,16.040,12.025955,0.31151,0.032,0.048,0.001,1.587,34.695313,0.0025307913,0.030380021,3.7462052
0:00:16.059,16.060,12.025798,0.31145,0.032,0.045,0.002,1.589,34.679688,0.0025325216,0.030400829,3.7454348
0:00:16.079,16.080,12.025838,0.31145,0.033,0.047,0.001,1.587,34.679688,0.0025342519,0.030421637,3.7454472
0:00:16.100,16.100,12.025759,0.311305,0.032,0.048,0.002,1.588,34.679688,0.0025359813,0.030442436,3.7436789
0:00:16.120,16.120,12.025759,0.311248,0.033,0.047,0.002,1.586,34.679688,0.0025377105,0.03046323,3.7429934
0:00:16.140,16.140,12.025759,0.311208,0.033,0.051,0.002,1.586,34.679688,0.0025394394,0.030484022,3.7425124
0:00:16.160,16.160,12.025759,0.311132,0.033,0.045,0.001,1.587,34.679688,0.0025411679,0.030504808,3.7415984
0:00:16.180,16.180,12.025759,0.311055,0.033,0.047,0.001,1.587,34.679688,0.002542896,0.03052559,3.7406725
0:00:16.200,16.200,12.025838,0.310951,0.033,0.048,0.001,1.587,34.679688,0.0025446235,0.030546365,3.7394464
0:00:16.219,16.220,12.025955,0.310842,0.033,0.045,0.002,1.588,34.679688,0.0025463504,0.030567132,3.7381719
0:00:16.239,16.240,12.025955,0.310725,0.031,0.05,0.002,1.587,34.679688,0.0025480767,0.030587892,3.7367649
0:00:16.260,16.260,12.025955,0.310693,0.032,0.046,0.001,1.587,34.679688,0.0025498027,0.03060865,3.73638
0:00:16.280,16.280,12.025955,0.310697,0.033,0.047,0.001,1.587,34.6875,0.0025515288,0.030629408,3.7364281
0:00:16.300,16.300,12.025955,0.310585,0.03,0.047,0.002,1.588,34.6875,0.0025532543,0.030650158,3.7350812
0:00:16.320,16.320,12.025818,0.310468,0.033,0.046,0.002,1.588,34.6875,0.0025549791,0.030670901,3.7336317
0:00:16.340,16.340,12.025759,0.310327,0.033,0.048,0.002,1.587,34.6875,0.0025567032,0.030691633,3.7319177
0:00:16.360,16.360,12.025759,0.31015,0.032,0.045,0.002,1.588,34.6875,0.0025584262,0.030712354,3.7297892
0:00:16.379,16.380,12.025759,0.309965,0.033,0.048,0.002,1.587,34.6875,0.0025601483,0.030733063,3.7275644
0:00:16.400,16.400,12.025759,0.309844,0.032,0.047,0.001,1.588,34.6875,0.0025618696,0.030753764,3.7261093
0:00:16.420,16.420,12.025759,0.309703,0.033,0.045,0.001,1.587,34.6875,0.0025635902,0.030774455,3.7244136
0:00:16.440,16.440,12.025779,0.309595,0.033,0.048,0.001,1.587,34.6875,0.0025653102,0.030795139,3.723121
0:00:16.460,16.460,12.025759,0.309563,0.033,0.046,0.003,1.589,34.6875,0.00256703,0.030815821,3.72273
0:00:16.480,16.480,12.025759,0.30949,0.032,0.048,0.002,1.587,34.6875,0.0025687493,0.030836498,3.7218522
0:00:16.500,16.500,12.025759,0.309353,0.033,0.045,0.001,1.587,34.679688,0.002570468,0.030857165,3.7202046
0:00:16.520,16.520,12.025759,0.309293,0.033,0.045,0.001,1.587,34.679688,0.0025721863,0.030877829,3.7194831
0:00:16.540,16.540,12.025759,0.309253,0.032,0.047,0.001,1.588,34.679688,0.0025739043,0.03089849,3.719002
0:00:16.560,16.560,12.025642,0.309168,0.033,0.044,0.001,1.588,34.679688,0.0025756219,0.030919146,3.7179437
0:00:16.580,16.580,12.02574,0.309172,0.033,0.049,0.001,1.587,34.679688,0.0025773396,0.030939801,3.7180221
0:00:16.600,16.600,12.025759,0.309124,0.033,0.048,0.002,1.587,34.679688,0.0025790569,0.030960454,3.7174507
0:00:16.620,16.620,12.025759,0.309048,0.033,0.048,0.002,1.587,34.679688,0.0025807738,0.030981101,3.7165368
0:00:16.640,16.640,12.025759,0.308967,0.032,0.047,0.003,1.588,34.679688,0.0025824903,0.031001743,3.7155627
0:00:16.660,16.660,12.025759,0.308963,0.034,0.049,0.001,1.587,34.679688,0.0025842068,0.031022385,3.7155146
0:00:16.680,16.680,12.025759,0.308951,0.033,0.047,0.002,1.587,34.679688,0.0025859232,0.031043026,3.7153703
0:00:16.700,16.700,12.025798,0.308959,0.033,0.046,0.002,1.589,34.679688,0.0025876396,0.031063667,3.7154785
0:00:16.720,16.720,12.025955,0.308971,0.031,0.048,0.001,1.589,34.679688,0.0025893561,0.03108431,3.7156713
0:00:16.740,16.740,12.025955,0.308967,0.032,0.044,0,1.588,34.679688,0.0025910726,0.031104952,3.7156232
0:00:16.760,16.760,12.025877,0.326442,0.033,0.048,0.001,1.587,34.679688,0.0025928862,0.031126762,3.9257513
0:00:16.780,16.780,12.025759,0.309736,0.033,0.047,0.002,1.587,34.679688,0.0025946069,0.031147456,3.7248105
0:00:16.800,16.800,12.025759,0.309679,0.033,0.045,0.001,1.589,34.679688,0.0025963274,0.031168145,3.724125
0:00:16.820,16.820,12.025759,0.309526,0.033,0.049,0.001,1.587,34.679688,0.002598047,0.031188825,3.7222851
0:00:16.840,16.840,12.025759,0.309377,0.033,0.044,0.001,1.587,34.679688,0.0025997657,0.031209494,3.7204932
0:00:16.860,16.860,12.025759,0.309438,0.032,0.049,0.002,1.587,34.679688,0.0026014848,0.031230167,3.7212268
0:00:16.880,16.880,12.025759,0.30947,0.033,0.047,0.002,1.588,34.679688,0.0026032041,0.031250843,3.7216116
0:00:16.900,16.900,12.025759,0.309555,0.033,0.045,0.001,1.587,34.679688,0.0026049239,0.031271524,3.7226338
